item_name,description,station_name,receiving_date,category_name
CHAIN,METAL CHAIN,VAISHALI,21/03/2024,Personal Accessories
EARBUDS CASE,BLACK EARBUDS,BRIG. HOSHIAR SINGH,20/03/2024,Electronics
CARRY BAG,OLD LADIES CLOTHES,RITHALA,20/03/2024,Bags
BAG,"UTENSILS , PEN , HANGER & LUNCH BOX",KAROL BAGH,20/03/2024,Bags
JACKET,GREY JACKET,YASHOBHOOMI DWARKA SECTOR  - 25,20/03/2024,Clothing
BAG,"WITH DENIM PANT & JACKET ,TIFFIN ,TOWEL ,LOWER & T SHIRT",YASHOBHOOMI DWARKA SECTOR  - 25,20/03/2024,Bags
JUTE BAG,WITH LUNCH BOX,SAMAYPUR BADLI,20/03/2024,Bags
BROWN PURSE,"BANK CARDS , AADHAR CARD , PAN CARD OF MR. NARESH PASWAN",KASHMERE GATE,20/03/2024,Personal Accessories
JUTE BAG,"WITH BOTTLE ,GLASS BOXES",IFFCO CHOWK,20/03/2024,Bags
WATCH,LADY WATCH,DELHI CANTT.,20/03/2024,Personal Accessories
EARBUDS,BLACK EARBUDS,BOTANICAL GARDEN,20/03/2024,Electronics
PURSE,WITH DL BANK CARDS OF SANJAY YADAV,BOTANICAL GARDEN,20/03/2024,Personal Accessories
BAG,WITH CLOTHS ORNAMENTS  HAIR DRYER,RAJIV CHOWK,20/03/2024,Bags
WALLET,AADHAR CARD & CASH OF MS. MAHIMA JAIN,NEW DELHI (Yellow & Airport Line),19/03/2024,Personal Accessories
CARRY BAG,"BLANKET , SWEATER & MEDICAL DOCUMENTS OF MR. SATYENDER",SAMAYPUR BADLI,19/03/2024,Bags
LUNCH BAG,LUNCH BOX & SPOON,SAMAYPUR BADLI,19/03/2024,Bags
PASSPORT,OF RUSSIAN LADY TATYANA BAKULINA,MANDI HOUSE,19/03/2024,Documents
EARBUDS,BLACK EARBUDS,JHILMIL,19/03/2024,Electronics
RACK,DVR & NETWORKING RACK,JHILMIL,19/03/2024,Miscellaneous
HELMET,BLACK HELMET,KASHMERE GATE,19/03/2024,Household Items
PURSE,"WITH METRO CARD ,CASH,PHOTO",MOOLCHAND,19/03/2024,Personal Accessories
WATCH,LADIES WATCH,CHIRAG DELHI,19/03/2024,Personal Accessories
GREY BAG,"WITH CLOTHS ,SLIPPERS,EARRINGS",YASHOBHOOMI DWARKA SECTOR  - 25,19/03/2024,Bags
POLY BAG,WITH LADIES  INNER WEAR,RAMAKRISHNA ASHRAM MARG,19/03/2024,Bags
MOBILE,ONEPLUS MOBILE,LAJPAT NAGAR,19/03/2024,Electronics
PAYAL,SILVER COLOR PAYAL,AIIMS,18/03/2024,Miscellaneous
MOBILE,MOBILE,DELHI AEROCITY,18/03/2024,Electronics
TROLLEY BAG,RED TROLLEY BAG WITH CLOTHS,NEW DELHI (Yellow & Airport Line),18/03/2024,Bags
POLY BAG,WITH OLD BLANKET,DWARKA SECTOR - 21,18/03/2024,Bags
POLY BAG,"WITH HELMET,DUPATTA",RITHALA,18/03/2024,Bags
HAND BAG,LADIES HAND BAG WITH WATCH,YASHOBHOOMI DWARKA SECTOR  - 25,18/03/2024,Bags
MEDICINES,HOMEOPATHIC MEDICINES,NOIDA ELECTRONIC CITY,18/03/2024,Miscellaneous
EARBUD,BLACK SINGLE EARBUD WITH CASE,JAMIA MILLIA ISLAMIA,18/03/2024,Electronics
EARBUD,WHITE SINGLE EARBUD WITH CASE,KASHMERE GATE,18/03/2024,Electronics
LUNCH BAG,LUNCH BOX & SPOON,MANDI HOUSE,18/03/2024,Bags
STUDY TABLE,STUDY TABLE,SULTANPUR,18/03/2024,Miscellaneous
ANKLET,SILVER COLOR ANKLET,AIRPORT (T-3),18/03/2024,Personal Accessories
EARBUD CASE,EMPTY EARBUD CASE ONLY,BARAKHAMBA ROAD,18/03/2024,Electronics
LUNCH BAG,WITH 3 STEEL BOX,DELHI AEROCITY,18/03/2024,Bags
BAG,"WITH  BOOKS ,DIARY ,HOLY BOOK,MEDAL,UMBRELLA ,SLIPPERS ,COMB",VAISHALI,18/03/2024,Bags
BLACK POLY BAG,"WITH EMPTY PURSE ,BANGLE SET",JAMA MASJID,18/03/2024,Bags
NECK BAND,RED NECK BAND,JANAKPURI EAST,18/03/2024,Miscellaneous
WATCH,SMART WATCH,RAMESH NAGAR,18/03/2024,Personal Accessories
MANGALSUTRA,MANGALSUTRA,HARKESH NAGAR OKHLA,17/03/2024,Miscellaneous
EARBUDS,PINK EARBUDS,CHIRAG DELHI,17/03/2024,Electronics
CARRY BAG,WITH HALF JACKET,PATEL NAGAR,17/03/2024,Bags
LUNCH BAG,WITH STEEL BOX,RITHALA,17/03/2024,Bags
SHOES,1 PAIR SHOES,LAL QUILA,17/03/2024,Clothing
EARBUD,BLACK EARBUD,AIRPORT (T-3),17/03/2024,Electronics
SHOES,1 PAIR FORMAL SHOES,CENTRAL SECRETARIAT,17/03/2024,Clothing
POLY BAG,WITH LADIES TOP,JANPATH,17/03/2024,Bags
BAG,"WITH CLOTHS ,KIRPAN ,CLOTHS ,ADOPTER",VAISHALI,17/03/2024,Bags
FILE,BLUE FILE WITH EDUCATIONAL CERTIFICATE OF MANJU CHAKMA,CHANDNI CHOWK,17/03/2024,Documents
BOTTLE,STEEL BOTTLE,CHANDNI CHOWK,17/03/2024,Household Items
PURSE,"WITH AADHAR,PAN CARD OF NIKITA",MUNDKA,17/03/2024,Personal Accessories
BAG,"WITH CLOTHS ,WIPES PACKET",NOIDA ELECTRONIC CITY,17/03/2024,Bags
POLY BAG,WITH MEDICINES,NOIDA ELECTRONIC CITY,16/03/2024,Bags
PAPER BAG,"WITH T SHIRT,SOCKS",TILAK NAGAR,16/03/2024,Bags
EARPHONE,WIRED EARPHONE,RAJOURI GARDEN,16/03/2024,Electronics
HAMMER & BOTTLE,HAMMER & STEEL BOTTLE,JAHANGIRPURI,16/03/2024,Household Items
METRO CARD,METRO CARD,NEW DELHI (Yellow & Airport Line),16/03/2024,Documents
EARBUDS,WHITE EARBUDS,ADARSH NAGAR,16/03/2024,Electronics
GYM BAG,"WITH CHARGER ,BLANKET",DWARKA MOR,16/03/2024,Bags
BROWN PURSE,BROWN PURSE WITH CURRENCY,SAMAYPUR BADLI,16/03/2024,Personal Accessories
POLY BAG,WITH 2 PAIRS KURTA & PYJAMA,RITHALA,16/03/2024,Bags
BAG,"WITH CHARGER,LOWERS",SECTOR - 62 NOIDA,16/03/2024,Bags
PAPER BAG,WITH 5 TROUSER,NOIDA ELECTRONIC CITY,16/03/2024,Bags
TROLLY BAG,CLOTHES & QUESTION PAPER OF ADITI YADAV,MILLENNIUM CITY CENTRE GURUGRAM,15/03/2024,Bags
BOOKS,BOOKS,MANDI HOUSE,15/03/2024,Documents
MOBILE,OPPO MOBILE,MANDI HOUSE,15/03/2024,Electronics
POLY BAG,WITH CLOTHS,NEW DELHI (Yellow & Airport Line),15/03/2024,Bags
BLACK POUCH,WITH COSMETICS,NEW DELHI (Yellow & Airport Line),15/03/2024,Miscellaneous
HELMET,BLACK HELMET,SAMAYPUR BADLI,15/03/2024,Household Items
BAG,"WITH HOOKA,TONGS",IFFCO CHOWK,15/03/2024,Bags
TORCH,TORCH WITH COVER,UTTAM NAGAR EAST,15/03/2024,Household Items
EARBUD,BLACK EARBUD,UTTAM NAGAR EAST,15/03/2024,Electronics
BLACK  LADIES PURSE,"WITH CASH ,METRO CARD ,COSMETICS",KAUSHAMBI,15/03/2024,Personal Accessories
WATCH,BIZZO WATCH,VISHWAVIDYALAYA,15/03/2024,Personal Accessories
POLY BAG,WITH 2 PANTS,LAL QUILA,15/03/2024,Bags
WATER BOTTLE,WATER BOTTLE,MILLENNIUM CITY CENTRE GURUGRAM,15/03/2024,Household Items
PANTS,PANTS,DWARKA SECTOR - 21,14/03/2024,Miscellaneous
BOTTLE,STEEL BOTTLE,RITHALA,14/03/2024,Household Items
PASSPORT,OF ABDUL KADIR,AIRPORT (T-3),14/03/2024,Documents
LUNCH BAG,"WITH PINK TIFFIN ,SPECTACLES WITH COVER",SAMAYPUR BADLI,14/03/2024,Bags
BLACK BAG,"WITH CLOTHS ,STEEL TIFFIN BOX",DWARKA MOR,14/03/2024,Bags
PLASTIC COVER,"WITH DOCTOR PRESCRIPTION ,INSURANCE PAPER ,LETTERHEAD PAPER,STAMP OF ASHUTOSH BASEDIA",NOIDA ELECTRONIC CITY,14/03/2024,Miscellaneous
MOBILE HOLDER,MOBILE HOLDER,JAMA MASJID,14/03/2024,Electronics
HAND BAG,"with bank cards,charger,tiffin ,cash of Usha tyagi",M.G. ROAD,14/03/2024,Bags
WATCH,FASTRACK WATCH,M.G. ROAD,14/03/2024,Personal Accessories
PEN DRIVE,OF SAKSHI,SAMAYPUR BADLI,14/03/2024,Miscellaneous
BOTTLE,STEEL BOTTLE,GURU DRONACHARYA,14/03/2024,Household Items
JACKET,BLUE JACKET,YASHOBHOOMI DWARKA SECTOR  - 25,13/03/2024,Clothing
SLEEPING BAG,SLEEPING BAG,YASHOBHOOMI DWARKA SECTOR  - 25,13/03/2024,Bags
BAG,"WITH CLOTHS ,PAN CARD,AADHAR,BANK CARDS,PASSBOOK OF RAJU BAHADUR",RAJIV CHOWK,13/03/2024,Bags
PURSE,LADY PURSE WITH MOBILE REDMI,RAMAKRISHNA ASHRAM MARG,13/03/2024,Personal Accessories
LUNCH BOX,CELLO LUNCH BOX WITH 2 CONTAINERS,DWARKA SECTOR - 21,13/03/2024,Household Items
LUNCH BOX,BOROSIL LUNCH BOX WITH 2 CONTAINERS,DWARKA SECTOR - 21,13/03/2024,Household Items
POWER BANK,POWER BANK,SUBHASH NAGAR,13/03/2024,Electronics
LUNCH BAG,"WITH PLASTIC BOTTLE,DIARY,GLASS TIFFINS",SAMAYPUR BADLI,13/03/2024,Bags
BAG,"WITH CLOTHS,AADHAR OF PRADUM KUMAR",SAMAYPUR BADLI,13/03/2024,Bags
LUNCH BOX,TREO LUNCH BOX,SAMAYPUR BADLI,13/03/2024,Household Items
POWER BANK,BLACK POWER BANK,AIRPORT (T-3),13/03/2024,Electronics
BLACK BAG,"MOBILE CHARGER , SMART WATCH , SPECTACLES & SUNGLASS , EARBUD & DOCUMENTS OF MR. SACHIN KUMAR",SAROJINI NAGAR,13/03/2024,Bags
POLY BAG,LADIES CLOTHES & MEDICINE GEL,SAROJINI NAGAR,13/03/2024,Bags
UMBRELLA & BOTTLE,GREEN UMBRELLA & STEEL BOTTLE,KAROL BAGH,13/03/2024,Household Items
GREEN SLING BAG,"WITH CASH ,SUNGLASS,SPECTACLES ,COSMETICS,",DWARKA SECTOR - 21,12/03/2024,Bags
EARBUD,EARBUD,AIRPORT (T-3),12/03/2024,Electronics
NECKBAND,NECKBAND,AIRPORT (T-3),12/03/2024,Miscellaneous
SCISSOR,WITH WOODEN RING,NOIDA SECTOR-18,12/03/2024,Miscellaneous
EARBUDS,BLACK EARBUDS,OKHLA BIRD SANCTUARY,12/03/2024,Electronics
BOTTLE,STEEL BOTTLE,NAWADA,12/03/2024,Household Items
EARBUDS,WHITE EARBUDS,NARAINA VIHAR,12/03/2024,Electronics
PURSE,"WITH CASH, PAN CARD,AADHAR ,BANK CARD OF PAWAN SINGH",M.G. ROAD,12/03/2024,Personal Accessories
CARTOON  BOX,WITH METALLIC PARTS,RAJIV CHOWK,12/03/2024,Miscellaneous
POLY BAG,"WITH STEEL BOTTLE,LOWER,SLIPPERS",KAROL BAGH,12/03/2024,Bags
HELMET,BLACK HELMET,SAMAYPUR BADLI,12/03/2024,Household Items
MANGALSHUTRA,MANGALSHUTRA,UTTAM NAGAR WEST,11/03/2024,Miscellaneous
BOTTLE & EARBUD CASE,"STEEL BOTTLE ,EARBUD CASE",CHHATARPUR,11/03/2024,Electronics
BAG,BROWN BAG WITH CLOTHS,NOIDA CITY CENTRE,11/03/2024,Bags
WATCH,BLACK WATCH,NOIDA CITY CENTRE,11/03/2024,Personal Accessories
BLACK BAG,"WITH CLOTHS ,HORLICKS,SOAPS,HAIR OIL,FLOWER POT",NOIDA ELECTRONIC CITY,11/03/2024,Bags
PAN CARD,BANK CARD OF DEVENDER KUMAR,DWARKA SECTOR - 13,11/03/2024,Documents
SLEEPING BAG,SLEEPING BAG,YASHOBHOOMI DWARKA SECTOR  - 25,11/03/2024,Bags
BAG WITH,"POWER BANK,CHARGER,CLOTHES",YASHOBHOOMI DWARKA SECTOR  - 25,11/03/2024,Bags
PURSE WITH,ID OF CHAND SINGH,AIRPORT (T-3),11/03/2024,Personal Accessories
BOTTLE,BOTTLE,AIRPORT (T-3),11/03/2024,Household Items
PURSE WITH,"VI , AADHAR & CASH OF FANISH KHULBE",AIRPORT (T-3),11/03/2024,Personal Accessories
CARRYBAG WITH,TOWEL & BEDSHEET,SHIVAJI STADIUM,11/03/2024,Bags
BAG,EMPTY BAG,NOIDA SECTOR-18,11/03/2024,Bags
PURSE,"WITH BANK CARD ,AADHAR OF ABHILASHA",SAKET,11/03/2024,Personal Accessories
LUNCH BAG,"WITH CHARGER,EARBUDS,TIFFIN",NAWADA,11/03/2024,Bags
BAG WITH,"SANDLE,PINK DRESS & CHARGER",HARKESH NAGAR OKHLA,10/03/2024,Bags
BAG WITH,SUIT,KASHMERE GATE,10/03/2024,Bags
PAPER BAG WITH,OLD CLOTHES,IFFCO CHOWK,10/03/2024,Bags
MOBILE,MOTOROLA  MOBILE,JAMA MASJID,10/03/2024,Electronics
POLY BAG,"WITH WATCH,LOWER,SHIRT",JAMA MASJID,10/03/2024,Bags
PURSE,"WITH VOTER ID ,PAN CARD,AADHAR OF RAVI KUMAR",JAMA MASJID,10/03/2024,Personal Accessories
BAG,SAREE,MANSAROVAR PARK,10/03/2024,Bags
TROLLEY BAG,"CLOTHES , CHARGER & SPEAKER",BAHADURGARH CITY,10/03/2024,Bags
BAG,"WITH CLOTHS,CHARGER,HOT CASE ,KNIFE",AIRPORT (T-3),10/03/2024,Bags
TROPHY,CWA CUP,MANDI HOUSE,10/03/2024,Miscellaneous
GREY SUIT CASE,WITH CLOTHS,DWARKA MOR,10/03/2024,Miscellaneous
WATCH,FASTRACK WATCH,DWARKA MOR,10/03/2024,Personal Accessories
BAG,"WITH SUNGLASS,SPECTACLES OF SUKHSAGAR",DWARKA MOR,10/03/2024,Bags
CHAIN,CHAIN WITH PENDANT,MILLENNIUM CITY CENTRE GURUGRAM,09/03/2024,Personal Accessories
BLUE CARRY BAG,WITH SPOON,AIRPORT (T-3),09/03/2024,Bags
BANK CARD,AXIS BANK CARD OF AVNIT NEGI,BOTANICAL GARDEN,09/03/2024,Documents
WALL PAPER SAMPLE BOOK,WALL PAPER SAMPLE BOOK,KASHMERE GATE,09/03/2024,Miscellaneous
WAIST BAG,"WITH EARBUDS ,CHARGER",SECTOR - 52 NOIDA,09/03/2024,Bags
EAR RING,EAR RING,"ROHINI SECTOR - 18, 19",09/03/2024,Personal Accessories
POLYBAG,LADIES CLOTHES,SAROJINI NAGAR,09/03/2024,Bags
POLY BAG,LADIES CLOTHES,SAROJINI NAGAR,09/03/2024,Bags
WIND VISOR,1 PAIR WIND VISOR,GOVIND PURI,08/03/2024,Miscellaneous
POLY BAG,"WITH BLOUSE,CLOTH PIECE",GOVIND PURI,08/03/2024,Bags
BAG,"WITH CLOTHS,MANGALSUTRA",DWARKA,08/03/2024,Bags
WATER BOTTLE,STEEL WATER BOTTLE,NEW DELHI (Yellow & Airport Line),08/03/2024,Household Items
BLACK BAG,CLOTHES & PERFUME,MALVIYA NAGAR,08/03/2024,Bags
POLYBAG,BLACK JACKET,TIS HAZARI,08/03/2024,Bags
COAT COVER,"COAT , PANT , TIE & SHIRT",MODEL TOWN,08/03/2024,Clothing
LUNCH BOX,LUNCH BOX,SHASTRI PARK,08/03/2024,Household Items
WATCH,MALE WATCH,KAROL BAGH,08/03/2024,Personal Accessories
WATER BOTTLE,STEEL WATER BOTTLE,IFFCO CHOWK,08/03/2024,Household Items
BOTTLE,STEEL BOTTLE,AIRPORT (T-3),08/03/2024,Household Items
PURSE,"WITH BANK CARDS,DL,PAN CARD OF ARIF ALI",AIRPORT (T-3),08/03/2024,Personal Accessories
SLING BAG,"WITH SUNGLASS ,BANGLES",AIRPORT (T-3),08/03/2024,Bags
SHOES,1 PAIR LADIES SHOES,SHAHDARA,08/03/2024,Clothing
POLY BAG,WITH WALL CLOCK & CELLS,YASHOBHOOMI DWARKA SECTOR  - 25,08/03/2024,Bags
EARBUDS,BLUE EARBUDS,NEHRU ENCLAVE,08/03/2024,Electronics
POLY BAG,"WITH BELT ,WALLET",LAL QUILA,08/03/2024,Bags
PURSE,"WITH CASH ,AADHAR ,BANK CARD,PAN CARD OF AAKANSHA",NOIDA ELECTRONIC CITY,08/03/2024,Personal Accessories
PURSE,"WITH BANK CARDS ,AADHAR ,DL  OF HARENDER YADAV",MAYUR VIHAR -I,08/03/2024,Personal Accessories
BAG,BAG,AZADPUR,08/03/2024,Bags
BOTTLE & TIFFIN,STEEL BOTTLE & STEEL TIFFIN,MILLENNIUM CITY CENTRE GURUGRAM,07/03/2024,Household Items
EARBUDS CASE,WHITE EARBUDS CASE,EAST VINOD NAGAR-MAYUR VIHAR -II,07/03/2024,Electronics
BLUE BAG,OLD CLOTHES,PANDIT SHREE RAM SHARMA,07/03/2024,Bags
LUNCH BOX,LUNCH BOX,PANDIT SHREE RAM SHARMA,07/03/2024,Household Items
JUTE BAG,LUNCH BOX,SAMAYPUR BADLI,07/03/2024,Bags
CARRY BAG,SHIRT & DUPATTA,RITHALA,06/03/2024,Bags
EARBUDS,BLACK EARBUDS,RITHALA,06/03/2024,Electronics
LUNCH BAG,"WITH PLASTIC BOX -3,KEY",OKHLA BIRD SANCTUARY,06/03/2024,Bags
STETHOSCOPE,STETHOSCOPE,DASHRATHPURI,06/03/2024,Electronics
POLYBAG,MULTICOLOR SAREE,NEW DELHI (Yellow & Airport Line),06/03/2024,Bags
MOBILE,KEYPAD MOBILE,NEW DELHI (Yellow & Airport Line),06/03/2024,Electronics
POLY BAG,SHIRT & BURKHA,JAMA MASJID,06/03/2024,Bags
CARRY BAG,WITH CHUNNI,LAJPAT NAGAR,06/03/2024,Bags
BAG,"WITH ID CARD,DIARY,RESUME,FLASK,PENDRIVE,WATCH OF MICHEL SURJEET",SECTOR - 59 NOIDA,06/03/2024,Bags
SUN GLASSES,SUN GLASSES,JANPATH,06/03/2024,Personal Accessories
PURSE,"WITH CASH ,METRO CARD,COLLEGE ID OF CHHAVI",DWARKA SECTOR - 14,06/03/2024,Personal Accessories
CARRY BAG,LUNCH BOX,SAMAYPUR BADLI,06/03/2024,Bags
EARPHONE,EARPHONE,NEW DELHI (Yellow & Airport Line),05/03/2024,Electronics
BAG WITH,"BOOK,CHARGER,CLOTHES,REMOTE,LIGHT,MASSAGER",AIRPORT (T-3),05/03/2024,Bags
BLACK SLING BAG WITH,"CHARGER,CAP & BANDANA",AIRPORT (T-3),05/03/2024,Bags
BOTTLE,BOTTLE,AIRPORT (T-3),05/03/2024,Household Items
CARD HOLDER,"WITH CASH ,METRO CARD",RITHALA,05/03/2024,Documents
CARRY BAG,WITH LADIES SUIT,DWARKA MOR,05/03/2024,Bags
POLY BAG,WITH MOBILE COVERS,AZADPUR,05/03/2024,Bags
WATER BOTTLE,STEEL WATER BOTTLE,TIS HAZARI,05/03/2024,Household Items
STEEL CONTAINER,STEEL CONTAINER,RAJIV CHOWK,05/03/2024,Miscellaneous
EARBUDS CASE,BLACK EARBUD CASE,DASHRATHPURI,05/03/2024,Electronics
BAG,"WITH APPLE LAPTOP ,ADOPTER ,METRO CARD ,CLOTH OF SATYAM SHARMA",UTTAM NAGAR WEST,05/03/2024,Bags
HELMET,HELMET,SHAHDARA,05/03/2024,Household Items
PURSE,"WITH PAN CARD ,AADHAR,BANK CARDS OF DEEPAK KUMAR JHA",LAL QUILA,05/03/2024,Personal Accessories
PURSE,"WITH CASH ,METRO CARD,BANK CARD OF RAGINI ARORA",BARAKHAMBA ROAD,04/03/2024,Personal Accessories
BAG WITH,"CLOTHES,CHARGER,LOCK & DOCUMENT OF JEETENDRA",SAMAYPUR BADLI,04/03/2024,Bags
BAG WITH,"PASSPORT,PAN,AADHAR,PASSBOOK & CHEQUE BOOK OF DINESH,ASIF,SITARAM & BUDHARAM",MILLENNIUM CITY CENTRE GURUGRAM,04/03/2024,Bags
PURSE,WITH FOREIGN CURRENCY VOTER ID OF DEEP JOT KAUR,DWARKA SECTOR - 21,04/03/2024,Personal Accessories
KEYS,BUNCH OF KEYS,SHIVAJI STADIUM,04/03/2024,Household Items
HAND BAG,WITH WHITE HOSPITAL CLOTHS,SHIVAJI STADIUM,04/03/2024,Bags
PAYAL,SILVER COLOR PAYAL,RAMESH NAGAR,04/03/2024,Miscellaneous
PURSE,"WITH AADHAR,PAN CARD,VOTER ID,BANK CARD OF AYUSH KUMAR PALAI",RAJOURI GARDEN,04/03/2024,Personal Accessories
POLYBAG WITH,"SHOES,TOP,KURTI & PANT",SAROJINI NAGAR,04/03/2024,Bags
CARRY BAG WITH,CLOTH COVER & CELL,NANGLOI RAILWAY STATION,04/03/2024,Bags
BLACK WALLET HAVING,"AADHAR,DL,BANK CARD OF SURAN KONWAR",RAJIV CHOWK,04/03/2024,Personal Accessories
PASSPORT,OF CHAVI GUPTA,CENTRAL SECRETARIAT,04/03/2024,Documents
EARBUDS,BLACK EARBUDS,MANDI HOUSE,04/03/2024,Electronics
POLY BAG,WITH JEANS PANT,NOIDA SECTOR-18,04/03/2024,Bags
MOBILE,VIVO MOBILE,KIRTI NAGAR,04/03/2024,Electronics
LUNCH BAG,WITH 3 PLASTIC BOX & STEEL BOTTLE,KASHMERE GATE,04/03/2024,Bags
CURRENCY,CURRENCY,NEW DELHI (Yellow & Airport Line),03/03/2024,Miscellaneous
POLY BAG,CHUNNI,LAL QUILA,03/03/2024,Bags
SHIRT,BLACK SHIRT,GREEN PARK,03/03/2024,Clothing
BLACK PURSE,"WITH AADHAR CARD,FOREIGN CURRENCY OF HARSHIT KACHWAYA",DHANSA BUS STAND,03/03/2024,Personal Accessories
BAG,"WITH MOBILE CHARGER,POWER BANK,DATA CABLE",CHANDNI CHOWK,03/03/2024,Bags
SHOES,SHOES,LAL QUILA,03/03/2024,Clothing
PURSE WITH,"VI,DL,CANTEEN CARD,BANK CARD,AADHAR OF KULDEEP SINGH",RAJIV CHOWK,03/03/2024,Personal Accessories
PANT,PANT,RAJIV CHOWK,03/03/2024,Miscellaneous
HEADPHONE,HEADPHONE,DELHI AEROCITY,03/03/2024,Electronics
BOTTLE,STEEL BOTTLE,RITHALA,03/03/2024,Household Items
UMBRELLA,BLUE UMBRELLA,VISHWAVIDYALAYA,02/03/2024,Personal Accessories
POLY BAG,"WITH TOWEL,LOWER",KAROL BAGH,02/03/2024,Bags
TROLLY BAG,EMPTY TROLLY BAG,GREATER KAILASH,02/03/2024,Bags
LUNCH BOX,BLUE LUNCH BOX,DWARKA SECTOR - 21,02/03/2024,Household Items
EARBUDS,BLACK EARBUDS,CHHATARPUR,02/03/2024,Electronics
BAG,"MOBILE , CHARGER , WALLET OF MUKHTAR AHAMAD",MOHAN NAGAR,02/03/2024,Bags
EMPTY EARBUD CASE,EMPTY EARBUD CHARGING CASE,NOIDA ELECTRONIC CITY,02/03/2024,Electronics
EARBUD,SINGLE EARBUD WITH CASE,ITO,02/03/2024,Electronics
UMBRELLA,UMBRELLA,CHHATARPUR,02/03/2024,Personal Accessories
BAG,"WITH MIRRORS, COMB,HAIR OIL",RAMAKRISHNA ASHRAM MARG,02/03/2024,Bags
UMBRELLA,BLACK UMBRELLA,CHANDNI CHOWK,02/03/2024,Personal Accessories
EAR RING,EAR RING,BOTANICAL GARDEN,01/03/2024,Personal Accessories
BRACELET,BRACELET,SHAKURPUR,01/03/2024,Personal Accessories
JACKET,GREY JACKET,NEW DELHI (Yellow & Airport Line),01/03/2024,Clothing
SHOES,1 PAIR SHOES,VISHWAVIDYALAYA,01/03/2024,Clothing
BLAZER,GREY BLAZER,RITHALA,01/03/2024,Clothing
LADIES HAND BAG,AADHAR CARD PAN CARD ONE COIN OF MS. PRIYANKA,AIRPORT (T-3),01/03/2024,Bags
POLY BAG,"WITH MUFFLER ,SLIPPERS",RAMAKRISHNA ASHRAM MARG,01/03/2024,Bags
BRACELET,BRACELET,SAKET,01/03/2024,Personal Accessories
WALLET,BANK CARDS OF MR. AMAN KUMAR,NANGLOI,01/03/2024,Personal Accessories
BOTTLE,STEEL BOTTLE,"ROHINI SECTOR - 18, 19",01/03/2024,Household Items
PURSE WITH,"AADHAR,PAN,BANK CARD OF PRIYANSHU NANDAN",RITHALA,29/02/2024,Personal Accessories
BAG,BLACK BAG WITH OLD CLOTHS,AIRPORT (T-3),29/02/2024,Bags
STEEL BOTTLE,STEEL BOTTLE,KASHMERE GATE,29/02/2024,Household Items
PENDRIVE,PENDRIVE,"ROHINI SECTOR - 18, 19",29/02/2024,Miscellaneous
SHOES,SHOES,RAJIV CHOWK,29/02/2024,Clothing
PURSE WITH,"AADHAR,RING OF KAJAL KUMARI",INDRAPRASTHA,29/02/2024,Personal Accessories
WATCH,WATCH,DABRI MOR - JANAKPURI SOUTH,29/02/2024,Personal Accessories
SHIRT,BLACK SHIRT,HAUZ KHAS,29/02/2024,Clothing
PAPER BAG,"SMALL HOOKAH , TOY",TERMINAL 1-IGI AIRPORT,29/02/2024,Bags
BLUETOOTH EARPHONE,BLUETOOTH EARPHONE,DWARKA SECTOR - 8,29/02/2024,Electronics
LUNCH BAG,BLUE & YELLOW LUNCH BAG WITH BOTTLE,TIS HAZARI,28/02/2024,Bags
CARTOON,WITH CLAY STATUES,SAMAYPUR BADLI,28/02/2024,Miscellaneous
MOBILE,BLUE MOBILE COLOR,UDYOG NAGAR,28/02/2024,Electronics
PURSE,"WITH BANK CARDS ,ID CARD OF RAMAN KUNDRA",KASHMERE GATE,28/02/2024,Personal Accessories
BAG,"BLUE BAG WITH CHARGER,BAG,PURSE,WATCH,NECKBAND, SUPPLEMENT,PEANUT BUTTER",AIRPORT (T-3),28/02/2024,Bags
POLY BAG,WITH 1 PAIR KID DRESS,SHASTRI PARK,28/02/2024,Bags
POLY BAG WITH,"TOP,SHOES,GOGGLES & EARBUD",JANPATH,28/02/2024,Bags
RING,RING,PRATAP NAGAR,28/02/2024,Personal Accessories
PURSE WITH,"CGHS CARD,EPF CARD & ATM OF DHARMVIR SINGH PAYAL",RAJIV CHOWK,28/02/2024,Personal Accessories
LADIES HANG BAG WITH,"AADHAR,PAN,VI,BANK CARD & CASH OF LOHRII ELOSHUA",GREEN PARK,28/02/2024,Bags
HAND BAG,"WITH TIFFIN,BOTTLE ,ID CARD OF JYOTI SAINI",CHIRAG DELHI,28/02/2024,Bags
EARBUD,BLACK SINGLE EARBUD WITH CASE,SANT SURDAS (SIHI),28/02/2024,Electronics
LADIES WATCH,WATCH,MAYAPURI,28/02/2024,Personal Accessories
PAPER BAG,CLOTHES & SHOE,GURU TEG BAHADUR NAGAR,28/02/2024,Bags
LUNCH BOX,PLASTIC LUNCH BOX,NANGLOI RAILWAY STATION,28/02/2024,Household Items
ANKLET,SILVER COLOR ANKLET,TUGHLAKABAD STATION,27/02/2024,Personal Accessories
WATCH,WRIST WATCH,NEW DELHI (Yellow & Airport Line),27/02/2024,Personal Accessories
RED BAG,WITH CLOTHS,SHASTRI NAGAR,27/02/2024,Bags
BROWN BAG,"SHIRT,TIFFIN BOX",RAJENDRA PLACE,27/02/2024,Bags
HELMET,GREEN HELMET,MOHAN ESTATE,27/02/2024,Household Items
UMBRELLA,WHITE EARBUDS,AIRPORT (T-3),27/02/2024,Personal Accessories
EARBUDS,BLACK EARBUDS,SHALIMAR BAGH,27/02/2024,Electronics
PURSE,"WITH AADHAR ,SBI CARD ,CASH OF ABHIMANYU JAKHAR",CHIRAG DELHI,27/02/2024,Personal Accessories
BLUE LUNCH BOX,WITH STEEL & GLASS BOX,KASHMERE GATE,27/02/2024,Household Items
PAPER BAG,CLOTHES,MALVIYA NAGAR,27/02/2024,Bags
POLY BAG,"WITH KIDS FROCK ,WASTE PIPE",JAMA MASJID,27/02/2024,Bags
WAIST BAG,"TRIMMER , MOBILE , PENDRIVE CHARGER",AIRPORT (T-3),27/02/2024,Bags
UMBRELLA,RED UMBRELLA,YASHOBHOOMI DWARKA SECTOR  - 25,27/02/2024,Personal Accessories
CARRYBAG WITH,SWEAT SHIRT,RITHALA,27/02/2024,Bags
CAP,UP POLICE CAP,SAMAYPUR BADLI,26/02/2024,Clothing
BLACK TROLLEY BAG,WITH CLOTHS,SAMAYPUR BADLI,26/02/2024,Bags
UMBRELLA,BLACK & WHITE UMBRELLA,M.G. ROAD,26/02/2024,Personal Accessories
POLY BAG,"WITH PLAZO,DUPATTA ,HAND BAG,T SHIRT",SAROJINI NAGAR,26/02/2024,Bags
BOTTLE,BLACK BOTTLE,TRILOKPURI-SANJAY LAKE,26/02/2024,Household Items
BOTTLE,STEEL BOTTLE,ROHINI WEST,26/02/2024,Household Items
POWER BANK,BLACK POWER BANK,SHALIMAR BAGH,26/02/2024,Electronics
LUNCH BOX,GREEN LUNCH BOX WITH 3 CONTAINERS,YASHOBHOOMI DWARKA SECTOR  - 25,26/02/2024,Household Items
LUNCH BOX,BLUE LUNCH BOX WITH 1 GLASS BOX,MAYAPURI,26/02/2024,Household Items
BOTTLE,STEEL BOTTLE,AIRPORT (T-3),26/02/2024,Household Items
EARBUDS,GREY EARBUDS,AIRPORT (T-3),26/02/2024,Electronics
JUTE BAG,WITH GLASS BOXES,DWARKA SECTOR - 14,26/02/2024,Bags
PURSE,"WITH METRO CARD ,AADHAR,BANK CARDS,DL,ID CARD OF PRERIT AGRAWAL",JANGPURA,26/02/2024,Personal Accessories
WATCH,CITIZEN WATCH,SECTOR - 62 NOIDA,26/02/2024,Personal Accessories
BLACK EARBUDS,BLACK EARBUDS,ESCORTS MUJESAR,26/02/2024,Electronics
CURRENCY,INDIAN CURRENCY,NEW DELHI (Yellow & Airport Line),26/02/2024,Miscellaneous
POLY BAG,"DECORATIVE PLATE & BOWL ,KOTAK BANK CARD",LAL QUILA,25/02/2024,Bags
WATCH,HMT WATCH,RAJIV CHOWK,25/02/2024,Personal Accessories
POLY BAG,"WITH HAND BAG,KURTI,SKIRT,SANDL,PANT,T SHIRT",SAROJINI NAGAR,25/02/2024,Bags
PAPER BAG,WITH BLUE T SHIRT,PUNJABI BAGH WEST,25/02/2024,Bags
HEADPHONE,HEADPHONE,GREATER KAILASH,25/02/2024,Electronics
POLY BAG,KURTI,JAMIA MILLIA ISLAMIA,25/02/2024,Bags
HAND PURSE,EMPTY HAND PURSE,ESCORTS MUJESAR,25/02/2024,Personal Accessories
SAMLE BOOK,DESIGN SAMPLE BOOK,TIS HAZARI,25/02/2024,Miscellaneous
BOTTLE,STEEL BOTTLE,MALVIYA NAGAR,25/02/2024,Household Items
PAPER BAG,"WITH HOSE PIPE ,BRA,LADIES TOP",DWARKA SECTOR - 8,25/02/2024,Bags
BAG,"LUNCH BOX , AADHAR CARD OF REKHA GIRI",JAHANGIRPURI,25/02/2024,Bags
ZIPPER POUCH,SMART WATCH,NEW DELHI (Yellow & Airport Line),25/02/2024,Miscellaneous
POLY BAG,"LADY SUIT , EAR RING & ANKLET",SAROJINI NAGAR,24/02/2024,Bags
CARRY BAG,"OLD CLOTHES , PAINT BRUSH ,COLOR BOTTLE, LUNCH BOX",RITHALA,24/02/2024,Bags
BAG,"WITH CHARGER,CLOTHS ,AADHAR OF KAUSHAL",NEW DELHI (Yellow & Airport Line),24/02/2024,Bags
COAT COVER,WITH CHECK BLAZER,DWARKA SECTOR - 21,24/02/2024,Clothing
HAIR BRUSH,HAIR BRUSH,NOIDA SECTOR-16,24/02/2024,Miscellaneous
BAG,"WITH PAYAL,EARING ,DUPATTA",JAMA MASJID,24/02/2024,Bags
EARBUDS,BLACK EARBUDS,UTTAM NAGAR WEST,24/02/2024,Electronics
HELMET,BLACK HELMET,KASHMERE GATE,24/02/2024,Household Items
BAG,"WITH CLOTHS,DOLCHI,PLASTIC BOTTLE",IFFCO CHOWK,24/02/2024,Bags
BLACK SINGLE EARBUD WITH CASE,BLACK SHOES,NOIDA SECTOR-15,24/02/2024,Electronics
PURSE,"WITH CASH,AADHAR,BANK CARD OF MADHU",RAMAKRISHNA ASHRAM MARG,24/02/2024,Personal Accessories
POLY BAG,OLD CLOTHES,RITHALA,23/02/2024,Bags
WATER BOTTLE,WATER BOTTLE,RITHALA,23/02/2024,Household Items
DELL BAG,"WITH CHARGER,NOTE BOOK",NETAJI SUBHASH PLACE,23/02/2024,Bags
POLY BAG,"WITH SUIT ,HAND PURSE",LAL QUILA,23/02/2024,Bags
WATCH,HMT WATCH,RAJIV CHOWK,23/02/2024,Personal Accessories
VIOLET COLOR BAG,WITH CLOTHS,DWARKA SECTOR - 21,23/02/2024,Bags
CHINA ID,OF MD. SHARUOK SHAKKEER,AIRPORT (T-3),23/02/2024,Documents
HELMET,BLACK HELMET,NEW DELHI (Yellow & Airport Line),23/02/2024,Household Items
PANT,BLACK PANT,KASHMERE GATE,23/02/2024,Miscellaneous
BAG,"WITH 2 PAIR GUM BOOT ,1 PAIR SLIPPERS",KASHMERE GATE,23/02/2024,Bags
BLACK BAG,WITH OLD CLOTHS,SIKANDERPUR,23/02/2024,Bags
HAND BAG,"BAG WITH CLOTHES , TOOTHPASTE & TOOTHBRUSH",NEW DELHI (Yellow & Airport Line),22/02/2024,Bags
WATCH,SONATA WATCH,AIIMS,22/02/2024,Personal Accessories
BAG,"WITH LADIES TOP,LOWER,JACKET,T SHIRT",KAROL BAGH,22/02/2024,Bags
BAG,BLUE BAG WITH OLD CLOTHS,YASHOBHOOMI DWARKA SECTOR  - 25,22/02/2024,Bags
PURSE,"WITH AADHAR ,VOTER ID ,BANK CARDS,ALSTOM ID CARD OF MD. ASHRAT",YAMUNA BANK,22/02/2024,Personal Accessories
I PAD,I PAD,TILAK NAGAR,22/02/2024,Electronics
STANDEE,SMALL STANDEE,JANAKPURI WEST,22/02/2024,Electronics
EARBUD,SINGLE EARBUD WITH CASE,BARAKHAMBA ROAD,22/02/2024,Electronics
METRO CARD,METRO CARD,RAJIV CHOWK,22/02/2024,Documents
CARRY BAG,WITH 3 BOOKS,OKHLA VIHAR,22/02/2024,Bags
EARBUDS,BLACK EARBUDS,SIKANDERPUR,22/02/2024,Electronics
BAG,WITH EDUCATIONAL DOCUMENTS OF VARUN KHANNA,NARAINA VIHAR,22/02/2024,Bags
LUNCH BOX & BOTTLE,TREO LUNCH BOX & BLACK BOTTLE,MILLENNIUM CITY CENTRE GURUGRAM,22/02/2024,Household Items
TROLLEY BAG,GREEN TROLLEY BAG WITH CLOTHS & KEYBOARD,MILLENNIUM CITY CENTRE GURUGRAM,22/02/2024,Bags
PURSE,"WITH VOTER ID,CASH,AADHAR,PAN CARD OF VISHESH RAJ ASSI",PRATAP NAGAR,22/02/2024,Personal Accessories
HAND PURSE WITH,DEBIT CARD & CASH,CHANDNI CHOWK,21/02/2024,Personal Accessories
RING,RING,RAJIV CHOWK,21/02/2024,Personal Accessories
EARBUD,EARBUD,KASHMERE GATE,21/02/2024,Electronics
BLACK HELMET,BLACK HELMET,RITHALA,21/02/2024,Household Items
BLUE LUNCH BOX,BLUE LUNCH BOX,JASOLA VIHAR SHAHEEN BAGH,21/02/2024,Household Items
LADIES PURSE WITH,"DEO , DETTOL & LIP BALM",JASOLA VIHAR SHAHEEN BAGH,21/02/2024,Personal Accessories
BLACK LUNCH BOX,BLACK LUNCH BOX,JASOLA VIHAR SHAHEEN BAGH,21/02/2024,Household Items
BLUE LUNCH BOX,BLUE LUNCH BOX,JASOLA VIHAR SHAHEEN BAGH,21/02/2024,Household Items
HAND BAG WITH,"TOWEL,SUIT,BLOUSE & SOCKS",LAL QUILA,21/02/2024,Bags
GREEN PURSE WITH,AADHAR & CASH OF SHAMA PARVEEN,JAMIA MILLIA ISLAMIA,21/02/2024,Personal Accessories
EARBUD,EARBUD,UTTAM NAGAR EAST,21/02/2024,Electronics
BOTTLE,BOTTLE,NAWADA,21/02/2024,Household Items
HEADPHONE,HEADPHONE,JANPATH,21/02/2024,Electronics
BLACK BAG,HOODIE,TIS HAZARI,21/02/2024,Bags
PURSE,"WITH BANK CARD, AADHAR,VOTER ID PAN, CARD OF ASHUTOSH KUMAR SINGH",SUPREME COURT,21/02/2024,Personal Accessories
PURSE,"WITH BANK CARDS ,PAN CARD,DL,AADHAR OF NAVEEN KUMAR TANVER",SUPREME COURT,21/02/2024,Personal Accessories
PURSE,"WITH BANK CARD ,PAN CARD,DL AADHAR OF ARUN KUMAR",SUPREME COURT,21/02/2024,Personal Accessories
HELMET,WHITE HELMET,NEW DELHI (Yellow & Airport Line),20/02/2024,Household Items
BAG WITH,"CHARGER,EARPHONE,INCHTAPE,METRO CARD,PURSE & CASH OF SUBODH",ANAND VIHAR ISBT,20/02/2024,Bags
POLYBAG WITH,JUTTI,SAMAYPUR BADLI,20/02/2024,Bags
PURPLE PURSE WITH,ADHAR & CASH OF MADHU,RITHALA,20/02/2024,Personal Accessories
PURSE WITH,"AADHAR,METRO CARD,KEY & CASH",DWARKA SECTOR - 14,20/02/2024,Personal Accessories
CUTLERY STAND,CUTLERY STAND,EAST AZAD NAGAR,20/02/2024,Miscellaneous
BAG WITH,"OLD CLOTHE,CAP,SOCKS & LUNCH BOX",NEHRU ENCLAVE,20/02/2024,Bags
BAG WITH,SHOES & JUTE BAG,ARTHALA,20/02/2024,Bags
UMBRELLA,UMBRELLA,MANDI HOUSE,20/02/2024,Personal Accessories
CARD HOLDER WITH,"PAN,AADHAR,RC,DL,ATM CARD, METRO CARD OF PRADEEP KUMAR",RAMAKRISHNA ASHRAM MARG,20/02/2024,Documents
BLACK BAG WITH,"USED CLOTHES,SOCKS,COSMETIC ITEMS,CHARGER & HEADPHONE",NOIDA SECTOR-18,20/02/2024,Bags
RING,RING,SECTOR - 62 NOIDA,20/02/2024,Personal Accessories
UMBRELLA,BLACK UMBRELLA,SHAHDARA,20/02/2024,Personal Accessories
BLACK BAG,"WITH JACKET,NECKBAND,CHARGER,EARBUDS",PANCHSHEEL PARK,20/02/2024,Bags
HELMET,RED HELMET,SIKANDERPUR,20/02/2024,Household Items
BAG,WITH 2 PAIR JUTI,SIKANDERPUR,20/02/2024,Bags
PURSE,"WITH CASH,TOE RING, AADHAR,PAN ,BANK CARD OF NEETI YADAV",GOLF COURSE,20/02/2024,Personal Accessories
WIRED EARPHONE,WHITE EARPHONE,RITHALA,19/02/2024,Electronics
DRAFTER,DRAFTER,IFFCO CHOWK,19/02/2024,Miscellaneous
BLUE BAG,"WITH COSMETICS,CAPRI,GOGGLES WITH COVER,SAMSUNG CHARGER,SLIPPERS ,HAT",NEW DELHI (Yellow & Airport Line),19/02/2024,Bags
RING,RING,SAKET,19/02/2024,Personal Accessories
BOTTLE,STEEL BOTTLE,SAKET,19/02/2024,Household Items
RING,RING,GURU DRONACHARYA,19/02/2024,Personal Accessories
BOTTLE,STEEL BOTTLE,GURU DRONACHARYA,19/02/2024,Household Items
POLY BAG,"WITH PANT,SHIRT,SUIT,SHIRTS,WINTER KURTI",RAJIV CHOWK,19/02/2024,Bags
SLING BAG,"WITH BASIC MOBILE,LOCKET,BRACELET,SWASTIKA,PNB PASSBOOK OF POOJA KAUR",TIS HAZARI,19/02/2024,Bags
HAND BAG,"WITH CAP,BOTTLE,TOWEL,TIFFIN,SCREWS BOX,CORNER PROTECTION",CHAWRI BAZAR,19/02/2024,Bags
WALL BRACKET,WALL BRACKET,LAL QUILA,19/02/2024,Miscellaneous
BAG,"CLOTHS ,SLIPPERS ,MEDICINES","ROHINI SECTOR - 18, 19",19/02/2024,Bags
POLY BAG,T-SHIRTS,KAROL BAGH,19/02/2024,Bags
POLYBAG WITH,HORSE TOY & WATER BOTTLE,M.G. ROAD,19/02/2024,Bags
BLACK BAG WITH,NOTE BOOK,MALVIYA NAGAR,19/02/2024,Bags
RING,RING,GURU DRONACHARYA,19/02/2024,Personal Accessories
UNSTICHED SUIT,UNSTICHED SUIT,CHANDNI CHOWK,19/02/2024,Miscellaneous
JUTI,JUTI,CHANDNI CHOWK,19/02/2024,Miscellaneous
LADIES PURSE,LADIES PURSE,CHANDNI CHOWK,19/02/2024,Personal Accessories
SHOES & SLIPPER,SHOES & SLIPPER,LAL QUILA,19/02/2024,Clothing
HAND BAG WITH,"CHARGER,DATA CABLE & PERFUME",M.G. ROAD,19/02/2024,Bags
BAG,"WITH PURSE ,CHARGER,SHAWL,CAP,AADHAR,PAN ,VOTER ID OF ROHIT SHARMA",M.G. ROAD,19/02/2024,Bags
NOISE EARBUD,NOISE EARBUD,PREET VIHAR,18/02/2024,Electronics
SHAWL,SHAWL,SHAHDARA,18/02/2024,Miscellaneous
POLYBAG WITH,"JEANS,TOP,TITAN WATCH,METRO CARD & CASH",SAROJINI NAGAR,18/02/2024,Bags
BLACK BAG WITH,BOTTLE & CRPF ID OF BABLU KUMAR,SHIVAJI STADIUM,18/02/2024,Bags
CHEQUES,CANARA BANK CHEQUES OF SHALIN SINHA,LAXMI NAGAR,18/02/2024,Miscellaneous
ANKLET,ANKLET,R.K.PURAM,18/02/2024,Personal Accessories
SHOES,1 PAIR SHOES,UTTAM NAGAR EAST,18/02/2024,Clothing
WATER BOTTLE,WATER BOTTLE,RITHALA,18/02/2024,Household Items
ANKLET,ANKLET,SAKET,18/02/2024,Personal Accessories
HAND BAG,"WITH PLASTIC TIFFIN,PLASTIC TIFFIN ,DUPATTA",LAJPAT NAGAR,18/02/2024,Bags
PAPER BAG,"WITH HELMET,CLOTHS,NAIL PAINT,BANGLES,EARRINGS",CHIRAG DELHI,18/02/2024,Bags
HAND BAG,"WITH CASH ,FOREIGN CURRENCY ,BANK CARDS ,DL,PAN CARD,AADHAR OF PREETI DIXIT",RAJOURI GARDEN,18/02/2024,Bags
POLYBAG WITH,JUTI,JAMA MASJID,18/02/2024,Bags
WATCH,BLACK WATCH,NIRMAN VIHAR,17/02/2024,Personal Accessories
STETHOSCOPE,STETHOSCOPE,MALVIYA NAGAR,17/02/2024,Electronics
OLD CLOCK,OLD CLOCK,SIKANDERPUR,17/02/2024,Miscellaneous
PAPER ROLL & WATER BOTTLE,PAPER ROLL & WATER BOTTLE,TIS HAZARI,17/02/2024,Household Items
EMPTY BAG,EMPTY BAG,JHANDEWALAN,17/02/2024,Bags
BAG,"BLACK BAG WITH RED TIFFIN,CLOTHS ,CHARGER",NEW DELHI (Yellow & Airport Line),17/02/2024,Bags
PURSE WITH METRO CARD & CASH,PURSE WITH METRO CARD & CASH,JAHANGIRPURI,17/02/2024,Documents
CUSHION COVER,CUSHION COVER,SHASTRI PARK,17/02/2024,Clothing
HAND BAG WITH,"STEEL TIFFIN,WATER BOTTLE,CAP,CLOTHE,MEDICINE & ID OF SHILPA TAK",SHASTRI PARK,17/02/2024,Bags
POLY BAG,"WITH SALWAR ,SUIT ,UNDERGARMENT",LAL QUILA,17/02/2024,Bags
LUNCH BOX,STEEL BOTTLE & LUNCH BOX,MILLENNIUM CITY CENTRE GURUGRAM,16/02/2024,Household Items
POLY BAG,DUPATTA,JAMA MASJID,16/02/2024,Bags
BROWN BAG,"LUNCH BOX , WATER BOTTLE & SPOON",SHAHDARA,16/02/2024,Bags
HAND BAG,WITH STEEL BOTTLE,HAUZ KHAS,16/02/2024,Bags
LAPTOP CHARGER,LAPTOP CHARGER,GURU DRONACHARYA,16/02/2024,Electronics
LUNCH BOX,BLACK LUNCH BOX,TILAK NAGAR,16/02/2024,Household Items
POLY BAG,WITH 2 BEDSHEET,NEW DELHI (Yellow & Airport Line),16/02/2024,Bags
POLY BAG WITH,SOLDERING IRON ELEMENTS,LAL QUILA,16/02/2024,Bags
POLY BAG,WITH CHILDREN CLOTHS & SHOES,KAROL BAGH,16/02/2024,Bags
BLACK BAG,"WITH EARBUDS BLACK ,CHARGER ,WATCH CHARGER",CHANDNI CHOWK,16/02/2024,Bags
BLACK BAG,"WITH CHARGER ,CLOTHS,MEDICINES,DETTOL BOTTLE",RITHALA,16/02/2024,Bags
MOBILE,VIVO MOBILE,ROHINI WEST,16/02/2024,Electronics
MOBILE & EARBUDS,MOBILE & EARBUDS,MALVIYA NAGAR,15/02/2024,Electronics
BAG,"WITH POWER BANK ,CHARGER,PANT ,SHIRT ,EARPHONE",INDERLOK,15/02/2024,Bags
POLY BAG,"WITH JACKET,PANT,CHARGER,WEDDING CARD",RITHALA,15/02/2024,Bags
POLY BAG,WITH 5 SAREE,RITHALA,15/02/2024,Bags
NECK BAND,SYSKA NECK BAND,RITHALA,15/02/2024,Miscellaneous
SAFETY JACKET & BATON STICK,SAFETY JACKET & BATON STICK,BRIG. HOSHIAR SINGH,15/02/2024,Clothing
BAG,"WITH STEEL BOTTLE,DIARY,LUNCH BOX,SPECTACLES",BRIG. HOSHIAR SINGH,15/02/2024,Bags
BUS PASS,HARYANA ROADWAYS PASS OF UMESH KUMAR GORAWA,BRIG. HOSHIAR SINGH,15/02/2024,Miscellaneous
CHARGER,LAPTOP CHARGER,DWARKA SECTOR - 21,15/02/2024,Electronics
BOTTLE,STEEL BOTTLE,LAL QUILA,15/02/2024,Household Items
PURSE,"WITH METRO CARD ,AADHAR,BANK CARD,CASH OF RISHABH DIWAKAR",MOHAN NAGAR,15/02/2024,Personal Accessories
BAG,"WITH PURSE ,BANK CARD,AADHAR ,CASH ,CLOTHS OF MANJU",JAHANGIRPURI,15/02/2024,Bags
BAG,"WITH GENTS SHAWL,RED TIFFIN,BOTTLE ,CAP",MOHAN NAGAR,15/02/2024,Bags
TIFFIN BAG,"TIFFIN BOX, SPOON, WATER BOTTLE",RAJIV CHOWK,15/02/2024,Bags
BAG,BLACK BAG WITH CLOTHS,KASHMERE GATE,15/02/2024,Bags
LUNCH BOX,BLACK LUNCH BOX WITH GLASS BOX,NEHRU ENCLAVE,15/02/2024,Household Items
PURSE,"WITH CASH ,FOREIGN CURRENCY ,ACCESS CARD KEY,NAAZ CARD",DWARKA SECTOR - 10,15/02/2024,Personal Accessories
BAG,"BLACK GREY BAG WITH KEYS ,TOWEL,WOOLEN CAP",AIRPORT (T-3),15/02/2024,Bags
METRO CARD,METRO CARD,RAJIV CHOWK,15/02/2024,Documents
LUNCH BOX,LUNCH BOX,GURU DRONACHARYA,15/02/2024,Household Items
BLACK BAG,"WITH CHARGER,SLIPPER",CHANDNI CHOWK,15/02/2024,Bags
LUNCH BOX,LUNCH BOX RED,SHASTRI PARK,14/02/2024,Household Items
LADIES PURSE,AADHAR CARDS OF SATENDER PRASAD & VANDANA DEVI,RAJA NAHAR SINGH (BALLABHGARH),14/02/2024,Personal Accessories
POLY BAG,BABY CLOTHES,NEW DELHI (Yellow & Airport Line),14/02/2024,Bags
CASH,CASH INDIAN CURRENCY,NEW DELHI (Yellow & Airport Line),14/02/2024,Miscellaneous
BOWL,METALLIC BOWL,"ROHINI SECTOR - 18, 19",14/02/2024,Miscellaneous
COAT,LADIES COAT,DWARKA SECTOR - 21,14/02/2024,Clothing
KEY,SCOOTY KEY,RITHALA,14/02/2024,Household Items
BOTTLE,STEEL BOTTLE,RITHALA,14/02/2024,Household Items
POLYBAG,01 PAIR SHOE & CAPS,YASHOBHOOMI DWARKA SECTOR  - 25,14/02/2024,Bags
BLACK BAG,"CHARGER , KEYPAD , TIFFIN BOX",RAJIV CHOWK,14/02/2024,Bags
BANK CARD,BANK CARD OF HIMANI,RAJIV CHOWK,14/02/2024,Documents
EARBUDS,BOAT EARBUDS,ROHINI WEST,14/02/2024,Electronics
BAG,"BLACK BAG WITH BELT,CAP,CHARGER,GLOVES ,EMPTY PURSE ,SUNGLASS",JAMA MASJID,14/02/2024,Bags
EARBUD,BLACK EARBUD ONLY,MUNIRKA,14/02/2024,Electronics
PURSE,"WITH CASH,PAN,BANK CARDS OF PANKAJ SINGH",DHANSA BUS STAND,14/02/2024,Personal Accessories
ORNAMENT,,RAJIV CHOWK,13/02/2024,Miscellaneous
WATCH,LADY WATCH,ARJAN GARH,13/02/2024,Personal Accessories
MOBILE,MI MOBILE,DILLI HAAT - INA,13/02/2024,Electronics
LADIES PURSE,"ENO , METRO CARD , BINDI & CASH",ASHOK PARK MAIN,13/02/2024,Personal Accessories
PAPER BAG,"WITH STEEL TIFFIN ,STEEL JAR",DWARKA SECTOR - 21,13/02/2024,Bags
BLACK BAG,"WITH SUIT PIECE,SAREE,PANT SHIRT PIECE,WOOLEN CAP,PANT ,SHIRT",DWARKA SECTOR - 21,13/02/2024,Bags
PURSE,"DL  ,PAN ,BANK CARD, CASH OF KOMALPREET KAUR",NEW DELHI (Yellow & Airport Line),13/02/2024,Personal Accessories
BAG,"WITH MEDICINE ,EARBUDS",KASHMERE GATE,13/02/2024,Bags
MOBILE,TECHNO MOBILE,DWARKA SECTOR - 9,13/02/2024,Electronics
MIXER & JARS,MIXER & JARS,JANAKPURI WEST,13/02/2024,Miscellaneous
WATCH,MAXIMA WATCH,SHADIPUR,13/02/2024,Personal Accessories
POLY BAG,CLOTH PIECE WITH BUTTON,YASHOBHOOMI DWARKA SECTOR  - 25,13/02/2024,Bags
PAPER BAG,SHOES & CLOTHES,RAJIV CHOWK,13/02/2024,Bags
POLY BAG,SPAC PNEUMATIC FRL UNIT,NOIDA ELECTRONIC CITY,13/02/2024,Bags
POLY BAG,BABY DIAPERS,NOIDA ELECTRONIC CITY,13/02/2024,Bags
BOX,WITH GAUZE SWAB,UTTAM NAGAR EAST,13/02/2024,Miscellaneous
POLY BAG,WITH GIRL FROCK,UTTAM NAGAR EAST,13/02/2024,Bags
POLY BAG,"WITH SWEATER,EAR COVER",RAJOURI GARDEN,13/02/2024,Bags
CASH,CASH,NEW DELHI (Yellow & Airport Line),12/02/2024,Miscellaneous
GREY BAG,ASUS LAPTOP EARBUD CHARGER,NEW DELHI (Yellow & Airport Line),12/02/2024,Bags
BLACK PURSE,DOCUMENTS OF SHUBHAM KUMAR,SAMAYPUR BADLI,12/02/2024,Personal Accessories
SIDE BAG,"TWO SET KURTA PAJAMA, TOOTHBRUSH, ONE NAIL CUTTER,TWO MOBILE CHARGER, SOCKS, GOGGLE",CHHATARPUR,12/02/2024,Bags
POLY BAG,"3 METRO CARD, AND CASH",CENTRAL SECRETARIAT,12/02/2024,Bags
SACK,"WHITE COLOUR SACK HAVING ONE USED KIDS BLANKET, TWO PAIR OF SLEEPER",DWARKA SECTOR - 21,12/02/2024,Miscellaneous
MOBILE,REDMI,KAUSHAMBI,12/02/2024,Electronics
BLUE BAG,"SAMSUNG MOBILE, POWER BANK(MI), OLD CLOTHES,ONE USED EMPTY DOCUMENT PLANNER",KASHMERE GATE,12/02/2024,Bags
WATCH,LADIES WATCH (VANHEUSEN),UTTAM NAGAR EAST,12/02/2024,Personal Accessories
SMART WATCH,BLACK COLOUR,RITHALA,12/02/2024,Personal Accessories
BAG,"BLACK BAG WITH WATCH STRAP,MUFFLER,KEY,PINK WALLET",TIS HAZARI,12/02/2024,Bags
WATCH,FASTRACK WATCH,TRILOKPURI-SANJAY LAKE,12/02/2024,Personal Accessories
BAG,"BLACK BAG WITH JACKET,COAT,LOWER,SWEATER,T SHIRT ,MUFFLER",SHIV VIHAR,12/02/2024,Bags
LUNCH BOX,TRIO LUNCH BOX,GURU DRONACHARYA,12/02/2024,Household Items
POLY BAG,"WITH JUTI,SLIPPERS ,",CHANDNI CHOWK,12/02/2024,Bags
PURSE,"WITH CASH MERO CARD ,BANK CARD,AADHAR,VOTER ID OF NAMRATA SAHU",CHANDNI CHOWK,12/02/2024,Personal Accessories
LUNCH BAG,WITH 2 STEEL BOX,BARAKHAMBA ROAD,12/02/2024,Bags
BLACK BAG,"BABY JACKET , LADIES CLOTHES & MAKEUP ITEMS",MOHAN NAGAR,12/02/2024,Bags
PURSE,"WITH PAN,AADHAR,CASH ,DL,RC,METRO CARD ,BANK CARDS OF KRISHAN KUMAR MAHTO",NETAJI SUBHASH PLACE,12/02/2024,Personal Accessories
POLYBAG,POLYTHENE WITH OLD CLOTHES,RITHALA,11/02/2024,Bags
NECK BAND,GREEN COLOR NECKBAND,RITHALA,11/02/2024,Miscellaneous
GREY BAG,"PEN , DATA CABLE , COLLEGE I-CARD , QUESTION PAPERS OF TAIYABA",RITHALA,11/02/2024,Bags
BAG PACK,WITH CLOTHS & BANGLES,SAMAYPUR BADLI,11/02/2024,Bags
MOBILE,SAMSUNG MOBILE,IFFCO CHOWK,11/02/2024,Electronics
PURSE,"WITH BANK CARD ,AADHAR,PAN CARD,DL OF MADHVI SINGH",CHHATARPUR,11/02/2024,Personal Accessories
CARD HOLDER,"WITH DL ,BANK CARD OF AAKASH PANWAR",MOHAN NAGAR,11/02/2024,Documents
BAG,"WITH JEANS ,LAPTOP CHARGER,TIFFINS,EARBUDS",DWARKA SECTOR - 21,11/02/2024,Bags
POLY BAG,"WITH DUPATTA ,TOWEL,WIND CHEATER ,BABY JACKET,SLIPPERS",JAMA MASJID,11/02/2024,Bags
LED CLOCK,LED CLOCK,PATEL NAGAR,11/02/2024,Electronics
BLUE BAG,"EARBUD , LUNCH BOX , WATER BOTTLE , CHARGER BANK PASSBOOK OF SHASHI KANT",NEW DELHI (Yellow & Airport Line),11/02/2024,Bags
JACKET,BLACK AND GREEN,AIRPORT (T-3),11/02/2024,Clothing
"BLANKET, BELT",USED,AIRPORT (T-3),11/02/2024,Clothing
"LADIES HAND BAG, SUN GLASSES, KIDS TOYS","BLACK AND WHITE COLOUR LADIES HAND BAG,",LAL QUILA,11/02/2024,Bags
"CLOTHES, AND SLIPPER","KAURTI ,PLAZO, LADIES SLIPPER",LAJPAT NAGAR,11/02/2024,Clothing
WAIST BAG,"CHARGER ,EARPHONE",TILAK NAGAR,11/02/2024,Bags
BAG,WITH JACKET,DWARKA SECTOR - 21,10/02/2024,Bags
RED TROLLY BAG,WITH CLOTHS,NOIDA ELECTRONIC CITY,10/02/2024,Bags
SLING BAG,WITH COSMETICS,DELHI CANTT.,10/02/2024,Bags
SMALL BAG,"WITH CHILD CLOTHS ,CAP,SOCKS",NEW DELHI (Yellow & Airport Line),10/02/2024,Bags
EARBUDS,TRUKE EARBUDS,NETAJI SUBHASH PLACE,10/02/2024,Electronics
SHOES,SPORTS SHOE,LAL QUILA,10/02/2024,Clothing
POLY BAG,"WITH INNER,LOWER,PANT,BRA,NIGHTY,HAND BAG",SAROJINI NAGAR,10/02/2024,Bags
LUNCH BAG,"WITH PLASTIC BOXES ,STEEL SPOON",NOIDA SECTOR-15,10/02/2024,Bags
BROWN PURSE,"WITH SBI CARD,METRO CARD",BOTANICAL GARDEN,10/02/2024,Personal Accessories
EARBUDS,WHITE EARBUDS,UTTAM NAGAR WEST,10/02/2024,Electronics
METRO CARD,METRO CARD,RAJIV CHOWK,10/02/2024,Documents
POLY BAG,"WITH TOYS, CASH ,ODONIL,OIL S-3",DHAULA KUAN,10/02/2024,Bags
LADY HAND BAG,HAND BAG WITH KEY,HAUZ KHAS,10/02/2024,Bags
BLACK BAG,MOBILE & OLD CLOTHES,MILLENNIUM CITY CENTRE GURUGRAM,10/02/2024,Bags
SLEEPING BAG,GREEN SLEEPING BAG,LOK KALYAN MARG,09/02/2024,Bags
GREY BAG,WITH CLOTHS,JANAKPURI WEST,09/02/2024,Bags
PURSE,"BANK CARD,DL ,METRO CARD OF RAJIV KAPOOR",KASHMERE GATE,09/02/2024,Personal Accessories
EARBUDS,BOAT EARBUDS,DWARKA MOR,09/02/2024,Electronics
HAND BAG,EMPTY HAND BAG,TILAK NAGAR,09/02/2024,Bags
BOTTLE,STEEL BOTTLE,TILAK NAGAR,09/02/2024,Household Items
POLY BAG,WITH CARPET,DWARKA MOR,09/02/2024,Bags
UMBRELLA,UMBRELLA,GREEN PARK,09/02/2024,Personal Accessories
EARBUDS,OPPO EARBUDS,DELHI CANTT.,09/02/2024,Electronics
BOTTLE,STEEL BOTTLE,HAIDERPUR BADLI MOR,09/02/2024,Household Items
SHOES,WHITE SHOES,TAGORE GARDEN,09/02/2024,Clothing
POLY BAG,WITH LADIES SLIPPERS,UTTAM NAGAR EAST,09/02/2024,Bags
BLUE BAG,"CLOTHES , CHEQUEBOOK , BOTTLE OF SONU KUMAR",SHASTRI PARK,09/02/2024,Bags
JACKET,GREEN JACKET,RAJIV CHOWK,09/02/2024,Clothing
CPU COVER,CPU OUTER COVER,TUGHLAKABAD STATION,09/02/2024,Miscellaneous
BLUE BAG,"WITH PANT ,SHIRT,INNER",SHIV VIHAR,09/02/2024,Bags
BAG,GREEN BAG WITH CLOTHS,DWARKA SECTOR - 10,08/02/2024,Bags
SPECTACLE,SPECTACLES WITH COVER,GREEN PARK,08/02/2024,Miscellaneous
HAND BAG,BLACK HANDBAG WITH CASH & COMB,RITHALA,08/02/2024,Bags
BOTTLE,STEEL BOTTLE,NOIDA ELECTRONIC CITY,08/02/2024,Household Items
SUN GLASSES,SUNGLASSES WITH COVER,AIRPORT (T-3),08/02/2024,Personal Accessories
BLACK TROLLEY BAG,"WITH CLOTHS ,PERFUME",AIRPORT (T-3),08/02/2024,Bags
HELMET,BLACK HELMET,CHHATARPUR,08/02/2024,Household Items
GREY BAG,"OLD CLOTHES , CHEQUE BOOK OF MOHD. MUNNA",MILLENNIUM CITY CENTRE GURUGRAM,08/02/2024,Bags
TROPHY,TROPHY OF QUALITY COUNCIL OF INDIA,SUPREME COURT,08/02/2024,Miscellaneous
JUTE BAG,"WITH LUNCH BOX,GLASS BOTTLE ,HAND TOWEL",CENTRAL SECRETARIAT,07/02/2024,Bags
LUNCH BOX,LUNCH BOX,RAMAKRISHNA ASHRAM MARG,07/02/2024,Household Items
BAG,BAG WITH CASH,RAMAKRISHNA ASHRAM MARG,07/02/2024,Bags
POLY BAG,"WITH JEANS,TABLE CLOTH,BABY SHOES",JAMA MASJID,07/02/2024,Bags
RED TROLLY BAG,"WITH CLOTHS ,LUNCH BOX,JUTI",NEW DELHI (Yellow & Airport Line),07/02/2024,Bags
BLANKET,BLANKET,NEW DELHI (Yellow & Airport Line),07/02/2024,Clothing
PURSE,"WITH BANK CARD,VOTER ID,PAN CARD ,METRO CARD ,AADHAR OF SUNNY",RAJIV CHOWK,07/02/2024,Personal Accessories
SAREE,SAREE,MAYUR VIHAR -I,07/02/2024,Miscellaneous
BLACK BAG,"WITHASUS LAPTOP,MOBILE CHARGER,COSMETICS,SHOES,PURSE",SIKANDERPUR,07/02/2024,Bags
HELMET,BLACK HELMET,PUNJABI BAGH WEST,07/02/2024,Household Items
BLACK BAG,"WITH SAREE,BANGLES BOX",KASHMERE GATE,07/02/2024,Bags
POLY BAG,HOODIE,DWARKA,07/02/2024,Bags
LUNCH BOX,GREY LUNCH BOX,SAMAYPUR BADLI,07/02/2024,Household Items
OMNI CARD,ONE OMNI CARD,NEW DELHI (Yellow & Airport Line),07/02/2024,Documents
PURSE,"WITH BANK CARD, CSD CARD ,STAR HEALTH CARD OF AKANKSHA GROVER & ANJU GROVER",RAJIV CHOWK,07/02/2024,Personal Accessories
METRO CARD,METRO CARD,RAJIV CHOWK,07/02/2024,Documents
POLY BAG,BLUE POLY BAG WITH HAND PURSES,VISHWAVIDYALAYA,07/02/2024,Bags
COOKER & GHEE,PRESSURE COOKER & GHEE,JANAKPURI WEST,07/02/2024,Miscellaneous
BOTTLE,STEEL BOTTLE,IFFCO CHOWK,06/02/2024,Household Items
BAG,"BLACK BAG WITH PLATIC BOX ,STEEL BOX,PAPER FILE,PENS ,PENCILS",SAMAYPUR BADLI,06/02/2024,Bags
BOTTLE,GLASS BOTTLE,MALVIYA NAGAR,06/02/2024,Household Items
BAG,"BLACK BAG WITH SOAP,CHARGER,CLOTHS",NEW DELHI (Yellow & Airport Line),06/02/2024,Bags
BAG,BROWN BAG WITH OLD CLOTHES,RAJ BAGH,06/02/2024,Bags
SLING BAG,"WITH CHARGER,PASSPORT OF MD. SHAHBAZ",AIRPORT (T-3),06/02/2024,Bags
BOTTLE,WATER BOTTLE,RAJENDRA PLACE,06/02/2024,Household Items
UMBRELLA,WHITE UMBRELLA,SIKANDERPUR,06/02/2024,Personal Accessories
BAG,"WITH WATER HEATER ,CLOTHS CHEQUE BOOK OF PRADEEP SINGH CHAUHAN",SECTOR - 52 NOIDA,06/02/2024,Bags
POLY BAG,"WITH JACKET,HAIR DRYER",SECTOR - 52 NOIDA,06/02/2024,Bags
BOTTLE,STEEL BOTTLE,MILLENNIUM CITY CENTRE GURUGRAM,05/02/2024,Household Items
UMBRELLA,PURPLE UMBRELLA,MILLENNIUM CITY CENTRE GURUGRAM,05/02/2024,Personal Accessories
SHOES,BLACK SHOES,MILLENNIUM CITY CENTRE GURUGRAM,05/02/2024,Clothing
HAND BAG,"WITH PLASTIC BOTTLE,TOWEL,BELT,COSMETICS,ANKLET",NEW DELHI (Yellow & Airport Line),05/02/2024,Bags
PURSE,"WITH METRO CARD,COMB,AADHAR OF SHRISTI PATHAK",YASHOBHOOMI DWARKA SECTOR  - 25,05/02/2024,Personal Accessories
BAG,"WITH BOOKS ,PENCIL BOX",YASHOBHOOMI DWARKA SECTOR  - 25,05/02/2024,Bags
POWER BANK,WHITE POWER BANK,SHIVAJI STADIUM,05/02/2024,Electronics
CARRY BAG,"WITH WHITE JACKET,BLACK CAP",SHIVAJI STADIUM,05/02/2024,Bags
TATTOO MAKING MACHINE KIT,TATTOO MAKING MACHINE KIT,DELHI AEROCITY,05/02/2024,Miscellaneous
BOTTLE,BLACK BOTTLE,DELHI AEROCITY,05/02/2024,Household Items
CARRY BAG,WITH SPORTS SHOES,MAJLIS PARK,05/02/2024,Bags
KNEE CAP,KNEE CAP,KASHMERE GATE,05/02/2024,Clothing
BAG,"BLACK BAG WITH STEEL TIFFIN,CHARGER,SMALL POUCH WITH COSMETICS",GREEN PARK,05/02/2024,Bags
BLACK HAND BAG,"WITH REDMI MOBILE ,MEDICAL CARD ,PLASTIC BOTTLE OF JYOTI",RAJOURI GARDEN,05/02/2024,Bags
BLACK BAG,"WITH CLOTHS ,SLIPPERS ,SHAWL ,BEDSHEET OF AMRESH YADAV",UTTAM NAGAR WEST,05/02/2024,Bags
BAG,"WITH TOWELS,SHIRTS,PANT, INNER WEAR",JANAKPURI EAST,05/02/2024,Bags
BAG,OLD BLANKET & CLOTHES,NEW DELHI (Yellow & Airport Line),04/02/2024,Bags
METRO CARD,METRO CARD,RAJIV CHOWK,04/02/2024,Documents
EMPTY BAG,BLACK BOTTLE,RAJIV CHOWK,04/02/2024,Bags
UMBRELLA,UMBRELLA,NOIDA ELECTRONIC CITY,04/02/2024,Personal Accessories
BLANKET,BLACK BLANKET,SUBHASH NAGAR,04/02/2024,Clothing
MOBILE,LAVA MOBILE,MILLENNIUM CITY CENTRE GURUGRAM,04/02/2024,Electronics
LUNCH BAG & SHAWL,"LUNCH BAG WITH PLASTIC CONTAINERS ,SPOON & GREEN SHAWL",SHAHDARA,04/02/2024,Bags
POLY BAG,"WITH HAND PURSE,SANDLE,RUBBER BAND ,HAND BAG",SAROJINI NAGAR,04/02/2024,Bags
POLY BAG,"WITH LOWER ,WOOLEN CAP,SOCKS,UMBRELLA",SAROJINI NAGAR,04/02/2024,Bags
POLY BAG,"WITH GLOVES,KURTA PYJAMA,SUNGLASSES",LAL QUILA,04/02/2024,Bags
TOYS,CARS AND RUBBER TOY,UDYOG BHAWAN,03/02/2024,Miscellaneous
BOTTLE,STEEL BOTTLE,RAJIV CHOWK,03/02/2024,Household Items
LUNCH BAG,"WITH 2 JAR ,STEEL BOTTLE",RITHALA,03/02/2024,Bags
BAG,"WITH CHARGER, DENIM SHIRT,PURSE ,COMB",RITHALA,03/02/2024,Bags
MOBILE,SAMSUNG MOBILE,RITHALA,03/02/2024,Electronics
PURSE,"WITH BANK CARD ,AADHAR OF RASHID",SHASTRI PARK,03/02/2024,Personal Accessories
PURSE,"WITH AADHAR,PAN CARD VOTER ID OF NEERAJ KUMAR SHARMA",MAYUR VIHAR -I,03/02/2024,Personal Accessories
ORNAMENT & CLOTHES,CHAIN & TSHIRT,CHANDNI CHOWK,03/02/2024,Clothing
WRIST WATCH,MAN,UTTAM NAGAR WEST,03/02/2024,Personal Accessories
WHITE POLY BAG,"COLGATE, SOAP, ANTISCEPTIC LIQUID, TOOTH BRUSH, WATER BAG",UTTAM NAGAR EAST,03/02/2024,Bags
WHITE POLY BAG,"PHOTE FRAME, T-SHIRT, MUFFLER & CERTIFICATE OF VARDAN ARORA",DHANSA BUS STAND,03/02/2024,Bags
BAG,SHAVING KIT PEN CREAM KNEE CAP ICE BAG,BADARPUR BORDER,03/02/2024,Bags
UMBRELLA,RED UMBRELLA,ROHINI EAST,03/02/2024,Personal Accessories
BOOK -ATOMIC HABITS,BOOK -ATOMIC HABITS,AIRPORT (T-3),03/02/2024,Miscellaneous
WATER BOTTLE,BLACK WATER BOTTLE,AIRPORT (T-3),03/02/2024,Household Items
EARBUDS,WHITE EARBUDS WITH CASE,VISHWAVIDYALAYA,03/02/2024,Electronics
NCMC CARD,PAYTM CARD,DELHI GATE,03/02/2024,Documents
LUNCH BOX,WITH SPOON.4 CONTAINERS,CENTRAL SECRETARIAT,03/02/2024,Household Items
MOBILE,NOKIA MOBILE,CENTRAL SECRETARIAT,03/02/2024,Electronics
BOTTLE,BLACK BOTTLE,CENTRAL SECRETARIAT,03/02/2024,Household Items
BAG,WITH 2 OVERCOAT,RAJIV CHOWK,03/02/2024,Bags
POLY BAG,"WITH T SHIRT,GIRL TOP",JAMA MASJID,03/02/2024,Bags
KEY,CAR KEY,MAYAPURI,03/02/2024,Household Items
BOTTLE,STEEL BOTTLE,IFFCO CHOWK,03/02/2024,Household Items
BAG,"WITH CHARGER ,CLOTHS,PURSE,CASH ,CHAIN BANK CARDS OF SUNITA & MANJU MONDAL",CHANDNI CHOWK,02/02/2024,Bags
JACKET,GREEN JACKET,NEW DELHI (Yellow & Airport Line),02/02/2024,Clothing
LUNCH BAG,"WITH BOTTLE,TIFFIN",MILLENNIUM CITY CENTRE GURUGRAM,02/02/2024,Bags
CARRY BAG,"WHITE RED CARRY BAG WITH OLD CLOTHS ,SLIPPERS",SAMAYPUR BADLI,02/02/2024,Bags
CARRY BAG,WITH WHITE PANT & PLASTIC CONTAINER,SAMAYPUR BADLI,02/02/2024,Bags
PAINT MIXTURE,PAINT MIXTURE,SAMAYPUR BADLI,02/02/2024,Miscellaneous
JUTE BAG,TIFFIN BOX AND CLOTHES,BRIG. HOSHIAR SINGH,02/02/2024,Bags
MOBILE,SAMSUNG,LOK KALYAN MARG,02/02/2024,Electronics
CLOTH,SWEATER & INNER,SAROJINI NAGAR,02/02/2024,Clothing
BLACK LADIES HAND BAG,"MOBILE COVER, CHARGER, RING, EARRING, CASH",SAROJINI NAGAR,02/02/2024,Bags
RED BAG,"USED CLOTHES, CHARGER",AIRPORT (T-3),02/02/2024,Bags
BLACK BAG,"PERFUME,WALLET WITH CARD OF ANAND B, SUNGLESSES, MOBILE CHARGER",AIRPORT (T-3),02/02/2024,Bags
SLING BAG,"MOBILE CHARGER, SUNGLASSES, WALLET",AIRPORT (T-3),02/02/2024,Bags
BLANKET,USED BLANKET,AIRPORT (T-3),02/02/2024,Clothing
RACK,DVR RACK,SHALIMAR BAGH,02/02/2024,Miscellaneous
BAG,BLUE BAG WITH NOTEBOOK,JAHANGIRPURI,02/02/2024,Bags
EARBUDS CASE,ONE PLUS EARBUDS CASE,SECTOR - 62 NOIDA,02/02/2024,Electronics
T SHIRT,TSHIRT & CASH,KASHMERE GATE,02/02/2024,Clothing
WRIST WATCH,LADIES,DWARKA MOR,02/02/2024,Personal Accessories
BEDSHEET,WHITE BEDSHEET,NAWADA,02/02/2024,Clothing
WHITE POLY BAG,LADIES SANDAL & EARPHONE,JANAKPURI WEST,02/02/2024,Bags
POLYBAG,GAS TOASTER SHIRT LADY JACKET SANDLE,KAROL BAGH,01/02/2024,Bags
WALLET,GENTS WALLET METRO CARD CASH,GREEN PARK,01/02/2024,Personal Accessories
BOTTLE,STEEL BOTTLE,VISHWAVIDYALAYA,01/02/2024,Household Items
MOBILE,SAMSUNG BASIC MOBILE,UTTAM NAGAR EAST,01/02/2024,Electronics
BAG,EMPTY BAG,UTTAM NAGAR EAST,01/02/2024,Bags
BAG,WITH LADIES SUITS,NEW DELHI (Yellow & Airport Line),01/02/2024,Bags
BOTTLE,STEEL BOTTLE,AIRPORT (T-3),01/02/2024,Household Items
BAG,"WITH BLACK SUIT,GREY LEGGING",SAMAYPUR BADLI,01/02/2024,Bags
BOTTLE & UMBRELLA,BLACK BOTTLE & BLACK UMBRELLA,MILLENNIUM CITY CENTRE GURUGRAM,01/02/2024,Household Items
UMBRELLA,UMBRELLA,LAL QUILA,01/02/2024,Personal Accessories
LADIES CLOTHE,"COAT, FROCK, TOP, KURTI",SAROJINI NAGAR,01/02/2024,Clothing
TRIPOD,BLACK TRIPOD,RITHALA,01/02/2024,Electronics
ANKLET,ANKLET SILVER COLOR,VISHWAVIDYALAYA,31/01/2024,Personal Accessories
PAYAL,SILVER COLOUR PAYAL,CHHATARPUR,31/01/2024,Miscellaneous
POLY BAG,LADIES UNSTITCHED CLOTH PIECE,ROHINI WEST,31/01/2024,Bags
CASH,CASH,NEW DELHI (Yellow & Airport Line),31/01/2024,Miscellaneous
NCMC CARD,PAYTM NCMC CARD,RAJIV CHOWK,31/01/2024,Documents
BOTTLE,STEEL BOTTLE,MILLENNIUM CITY CENTRE GURUGRAM,31/01/2024,Household Items
LUNCH BAG,"WITH PLASTIC BOX,NECKBAND",GURU DRONACHARYA,31/01/2024,Bags
PURSE,"WITH AADHAR ,PAN CARD,BANK CARDS,CASH,NPS CARD OF RAKESH KUMAR",DILLI HAAT - INA,31/01/2024,Personal Accessories
BAG,"WITH BOOKS ,PENS,CASH OF MAYANK KUMAR MEENA",KAROL BAGH,31/01/2024,Bags
POLY BAG,VACUUM FLASK SET,INDRAPRASTHA,31/01/2024,Bags
LUNCH BAG,WITH RED TIFFIN & TRANSPARENT  BOX,UTTAM NAGAR EAST,31/01/2024,Bags
POLY BAG,WITH RAPID TEST BOXES,LAL QUILA,31/01/2024,Bags
MOBILE,VIVO MOBILE,IFFCO CHOWK,31/01/2024,Electronics
BOTTLE,BLACK BOTTLE,SAMAYPUR BADLI,30/01/2024,Household Items
EARBUD,BLACK EARBUD,RITHALA,30/01/2024,Electronics
PURSE,"WITH AADHAR CARD,BANK CARD ,CASH OF SHIKHA SRIVASHAVA",MALVIYA NAGAR,30/01/2024,Personal Accessories
LUNCH BOX,STEEL LUNCH BOX,SEELAMPUR,30/01/2024,Household Items
CARRY BAG,WITH LADIES SUIT,SHAHDARA,30/01/2024,Bags
MRI REPORT,OF RITU SINGH,NOIDA ELECTRONIC CITY,30/01/2024,Miscellaneous
X RAY,OF AMIT KUMAR,NOIDA ELECTRONIC CITY,30/01/2024,Miscellaneous
PURSE,"LADIES PURSE WITH CASH ,BANK CARD",UDYOG NAGAR,30/01/2024,Personal Accessories
EARBUDS,WHITE EARBUDS,UTTAM NAGAR EAST,30/01/2024,Electronics
LADY SUITS,LADY SUITS,AZADPUR,29/01/2024,Clothing
HAND BAG,"MOBILE CHARGER , EARBUD , MEDICINE , ORNAMENTS OF MS. SUNITA SHARMA",MANDI HOUSE,29/01/2024,Bags
RING,SILVER COLOUR RING,UTTAM NAGAR EAST,29/01/2024,Personal Accessories
EARBUDS,EARBUDS WITH CHARGING CASE,KARKARDUMA,29/01/2024,Electronics
PAPER BAG HAVING CLOTHES,BLAZER AND T SHIRT,RAJIV CHOWK,29/01/2024,Bags
CLOTHS,SHIRT,RAJIV CHOWK,29/01/2024,Clothing
CLOTHE,BLACK SHIRT,RAJIV CHOWK,29/01/2024,Clothing
EARBUD,BLACK,VISHWAVIDYALAYA,29/01/2024,Electronics
BAG,CLOTHES,DWARKA SECTOR - 21,29/01/2024,Bags
BAG WITH CLOTHES,THREE OLD CLOTHES AND A BLANKET,KASHMERE GATE,29/01/2024,Bags
JUTE BAG,TWO LUNCH BOX AND ONE PAIR OLD SLIPPER,KASHMERE GATE,29/01/2024,Bags
WATCH,POCKET WATCH,DABRI MOR - JANAKPURI SOUTH,29/01/2024,Personal Accessories
CARRY BAG,"WITH MALA ,MEMORY CARD ,AADHAR CARD,CASH  OF HARADHAN DAS",KASHMERE GATE,29/01/2024,Bags
POLYBAG,PERFUME PEN LADY PURSE,RAMAKRISHNA ASHRAM MARG,29/01/2024,Bags
BAG,"WITH CLOTHS ,EDUCATIONAL DOCUMENTS ,CLOTHS OF HEMRAJ",BATA CHOWK,29/01/2024,Bags
SLING BAG,"WITH MOBILE PHONE,USB LIGHT,CASH",MILLENNIUM CITY CENTRE GURUGRAM,29/01/2024,Bags
HAND BAG,"WITH CLOTHS ,SLIPPERS,SHAVING KIT",SHASTRI NAGAR,29/01/2024,Bags
JUTI,1 PAIR JUIT,CHANDNI CHOWK,29/01/2024,Miscellaneous
BAG,EMPTY BAG,LAL QUILA,29/01/2024,Bags
POLY BAG,WITH LOWER,KAROL BAGH,29/01/2024,Bags
MOBILE,NOKIA MOBILE,UDYOG NAGAR,28/01/2024,Electronics
MOBILE,I-PHONE,M.G. ROAD,28/01/2024,Electronics
HELMET,BLACK HELMET,SECTOR - 62 NOIDA,28/01/2024,Household Items
POLY BAG,WITH JACKET,NARAINA VIHAR,28/01/2024,Bags
MOBILE,SMART MOBILE,LAXMI NAGAR,28/01/2024,Electronics
SLIPPERS & TIFFIN,SLIPPERS & TIFFIN,LAL QUILA,28/01/2024,Clothing
BAG,"WITH BLANKET ,ADOPTER ,LED BULB PARTS",NEW DELHI (Yellow & Airport Line),27/01/2024,Bags
BAG,"WITH CHARGER,EARBUDS,MOBILE,CLOTHS,,SHOES,SLIPPERS ,BOOKS",NEW DELHI (Yellow & Airport Line),27/01/2024,Bags
POLY BAG,"WITH RAZORS,SCISSORS,GAS LIGHTER",NEW DELHI (Yellow & Airport Line),27/01/2024,Bags
CARRY BAG,"WITH CLOTHS,SLIPPERS,MEDICINES,TIFFIN OF GEETA MISHRA",NEW DELHI (Yellow & Airport Line),27/01/2024,Bags
PURSE,"WITH BANK CARDS,PAN CARD,DL,AADHAR OF SHATRUDHAN",SUPREME COURT,27/01/2024,Personal Accessories
SLING BAG,"WITH CHARGER ,SUNGLASS",UTTAM NAGAR WEST,27/01/2024,Bags
BAG,"WITH MOBILE,CAP,GLOVES",CHANDNI CHOWK,27/01/2024,Bags
POLYBAG,CLOTHES & PNEUMATIC TEE,SAROJINI NAGAR,27/01/2024,Bags
BAG,EMPTY BAG,NEHRU ENCLAVE,27/01/2024,Bags
POLY BAG,WITH DHOTI & GAMCHHA,PULBANGASH,27/01/2024,Bags
POLY BAG,WITH SOCKS,TILAK NAGAR,27/01/2024,Bags
TROLLEY BAG,WITH CLOTHS,GOLF COURSE,27/01/2024,Bags
BAG,"WITH HEADPHONE,WIRE PROTECTOR",LAL QUILA,27/01/2024,Bags
BAG,"WITH CAP ,TOWEL,SLIPPERS,DATA CABLE",LAL QUILA,27/01/2024,Bags
RING & CHAIN,RING & CHAIN,DWARKA SECTOR - 14,26/01/2024,Personal Accessories
POLY BAG,"WITH HAND BAG,SHIRT",NEW DELHI (Yellow & Airport Line),26/01/2024,Bags
TROLLEY BAG,"WITH BLANKET,SHAWL,WATCH,SHOES,CLOTHS ,SWEATER,HAIR DRYER",GURU TEG BAHADUR NAGAR,26/01/2024,Bags
POLY POUCH,"WITH CASH ,METRO CARD",RAJIV CHOWK,26/01/2024,Miscellaneous
POLY BAG,WITH JEANS,RAJIV CHOWK,26/01/2024,Bags
LADY SHOES,LADY SHOES,RAJIV CHOWK,26/01/2024,Clothing
BAG,"WITH DATA CABLE,ADOPTERS,BEDSHEET",AIRPORT (T-3),26/01/2024,Bags
BAG,"BLUE BAG WITH LUNCH BOX,KEY",SAKET,26/01/2024,Bags
POLY BAG,"WITH SOCKS,PORTABLE PHONE",JAMA MASJID,26/01/2024,Bags
KEYS,CAR KEYS,SHIV VIHAR,26/01/2024,Household Items
CARRY BAG,WITH GREEN SAREE,DWARKA SECTOR - 10,26/01/2024,Bags
BAG,DUFFLE BAG WITH OLD CLOTHES,SULTANPUR,26/01/2024,Bags
BLACK CLOTH BAG,"WITH PILLOW,QUILT,DAT CABLE,KEYS",MANDI HOUSE,26/01/2024,Bags
BOTTLE,STEEL BOTTLE,ROHINI WEST,25/01/2024,Household Items
WATER BOTTLE,BLACK WATER BOTTLE,SHIVAJI STADIUM,25/01/2024,Household Items
BLANKET,BLANKET,SAMAYPUR BADLI,25/01/2024,Clothing
POLY BAG,WITH BLANKET,SAMAYPUR BADLI,25/01/2024,Bags
WHITE  CARRY BAG,WITH OLD CLOTHS & SOCKS,SAMAYPUR BADLI,25/01/2024,Bags
BAG,"BLUE GARY BAG WITH OLD CLOTHS ,SOCKS,WATCH,CHARGER,SHOES,IRON",SAMAYPUR BADLI,25/01/2024,Bags
BAG,EMPTY BAG,NEHRU ENCLAVE,25/01/2024,Bags
BOTTLE,STEEL BOTTLE,GURU DRONACHARYA,25/01/2024,Household Items
SHAWL,SHAWL,JANPATH,25/01/2024,Miscellaneous
BAG,BLUE BAG WITH CLOTHES,SHALIMAR BAGH,25/01/2024,Bags
SHEET HOLDER,SHEET HOLDER,MAYAPURI,25/01/2024,Miscellaneous
POLY BAG,WITH BLACK BLAZER,JHANDEWALAN,25/01/2024,Bags
BOTTLE,STEEL BOTTLE,LAJPAT NAGAR,25/01/2024,Household Items
BAG,"WITH HP LAPTOP WITH CHARGER,BASIC MOBILE ,TIFFIN ,EARPHONE",MILLENNIUM CITY CENTRE GURUGRAM,25/01/2024,Bags
EARBUDS,BLACK EARBUDS,JANPATH,24/01/2024,Electronics
PURSE,"WITH CASH,PAN CARD,DL,RC,BANK CARD ,METRO CARD,CSD CARD OF VIKAS",RAJIV CHOWK,24/01/2024,Personal Accessories
BLACK PURSE,BANK CARDS PAN CARD AADHAR METRO CARD OF MR. AVNISH PANDEY,IFFCO CHOWK,24/01/2024,Personal Accessories
HELMET,BLACK HELMET,M.G. ROAD,24/01/2024,Household Items
PAPER BAG,WITH SAREE,M.G. ROAD,24/01/2024,Bags
CHAIN,CHAIN,MAUJPUR-BABARPUR,23/01/2024,Personal Accessories
LUNCH BAG,TIFFIN,RITHALA,23/01/2024,Bags
EARBUD,EARBUD WHITE,MAJOR MOHIT SHARMA RAJENDRA NAGAR,23/01/2024,Electronics
HELMET,BLACK HELMET,MUNIRKA,23/01/2024,Household Items
BAG,"BLACK BAG WITH OLD CLOTJHS ,BLANKET",KASHMERE GATE,23/01/2024,Bags
RING,SILVER COLOR RING,MADIPUR,23/01/2024,Personal Accessories
SAFETY STICK,,MOTI NAGAR,23/01/2024,Miscellaneous
HAND BAG,WITH JACKET,JANAKPURI EAST,23/01/2024,Bags
POLY BAG,"WITH T SHIRT,CHURA",RAJIV CHOWK,23/01/2024,Bags
HELMET,BLACK HELMET,SHIVAJI STADIUM,23/01/2024,Household Items
POLY BAG,"WITH SWEATER,BRA,PANTY",KAROL BAGH,23/01/2024,Bags
EARBUDS,EARBUDS,VISHWAVIDYALAYA,23/01/2024,Electronics
CHIAN,CHIAN,CHANDNI CHOWK,23/01/2024,Miscellaneous
BLACK SLING BAG,WITH KEYS,KASHMERE GATE,22/01/2024,Bags
HAND BAG,"WITH PRINTED SHIRT,SWEATER",SAROJINI NAGAR,22/01/2024,Bags
BAG,"WITH CLOTHS,ORIENTAL BANK OF COMMERCE CARD",DWARKA,22/01/2024,Bags
BAG,"WITH CLOTHS ,EARBUDS ,AADHAR OF PANKAJ VISHWAKARMA",IFFCO CHOWK,22/01/2024,Bags
POLY BAG,"MASK , UROBAG & MALE CATH",BAHADURGARH CITY,22/01/2024,Bags
LUNCH BOX,BLACK LUNCH BOX WITH 2 BOX,SAMAYPUR BADLI,22/01/2024,Household Items
MEDICAL REPORT,OF MAYA DEVI,SAMAYPUR BADLI,22/01/2024,Documents
BAG,GREY BAG WITH OLD CLOTHS,DWARKA SECTOR - 21,22/01/2024,Bags
CARRY BAG,WITH 3 SHIRTS,NARAINA VIHAR,22/01/2024,Bags
LUNCH BOX,BLUE LUNCH BOX,GURU DRONACHARYA,22/01/2024,Household Items
BAG,"WITH LENOVO LAPTOP,LAPTOP CHARGER,,MOBILE ADOPTER ,HARD DISK,SPECTACLES ID CARD OF H KORAW NGANBA SINGHA",GURU TEG BAHADUR NAGAR,22/01/2024,Bags
SLEEPING BAG,BLUE SLEEPING BAG,NEW DELHI (Yellow & Airport Line),22/01/2024,Bags
BAG,WITH WOOLEN CLOTHS,SAMAYPUR BADLI,22/01/2024,Bags
JACKET,BLUE JACKET,SAMAYPUR BADLI,22/01/2024,Clothing
POLY BAG,"WITH TOWEL,SLIPPERS",JANPATH,22/01/2024,Bags
BOTTLE,STEEL BOTTLE,AIRPORT (T-3),21/01/2024,Household Items
POLY BAG,"JACKET,PANT BLACK",AIRPORT (T-3),21/01/2024,Bags
EARBUDS CASE,BOAT EARBUD CASE,DWARKA SECTOR - 10,21/01/2024,Electronics
BAG,"WITH CHARGER,STEEL BOTTLE ,BEDSHEET",DHANSA BUS STAND,21/01/2024,Bags
CARRY BAG,WITH BABY CLOTHS,WELCOME,21/01/2024,Bags
BAG,"WITH CLOTHS AADHAR ,DL COPY,SHOES ,BOTTLE OF SHIVANG SHARMA",SARAI KALE KHAN - NIZAMUDDIN,21/01/2024,Bags
MANGALSHUTRA,MANGALSHUTRA,KOHAT ENCLAVE,21/01/2024,Miscellaneous
SLEEPING BAG,SLEEPING BAG,NEW DELHI (Yellow & Airport Line),21/01/2024,Bags
POLY BAG,WITH LADY JACKET,DWARKA SECTOR - 21,21/01/2024,Bags
BAG,"SMALL BAG WITH CHARGER ,CLOTHS",DWARKA SECTOR - 21,21/01/2024,Bags
LUNCH BOX,LUNCH BOX WITH 2 TIFFIN,DWARKA SECTOR - 21,21/01/2024,Household Items
PURSE,"WITH BANK CARDS,AADHAR,METRO CARD ,CASH OF ATUL KUMAR",MUNIRKA,21/01/2024,Personal Accessories
HAND BAG,"WITH BLUE BLANKET ,RED SHAWL",PUNJABI BAGH WEST,21/01/2024,Bags
BLAZER,GREEN BLAZER,SHAKURPUR,21/01/2024,Clothing
POLY BAG,"WITH SWEATER ,SOCKS,VEST,JACKET",SAROJINI NAGAR,21/01/2024,Bags
WATCH,DIGITAL WATCH WITH CHARGER,NOIDA ELECTRONIC CITY,21/01/2024,Personal Accessories
LUNCH BOX,LUNCH BAG WITH PLASTIC BOX,KASHMERE GATE,21/01/2024,Household Items
BLANKET,BLANKET WITH CLOTHS PIECES,KASHMERE GATE,21/01/2024,Clothing
BAG,"WITH PLASTIC BOTTLE,PENS,",SAMAYPUR BADLI,21/01/2024,Bags
POLY BAG,"PANT,,JACKET",JAMA MASJID,21/01/2024,Bags
HAND BAG,EMPTY HAND BAG,JANAKPURI WEST,20/01/2024,Bags
LUNCH BOX,TWO CONTAINER,RAMAKRISHNA ASHRAM MARG,20/01/2024,Household Items
JEANS,BLACK,RAMAKRISHNA ASHRAM MARG,20/01/2024,Clothing
SLING BAG,"GREEN BLACK SLING BAG WITH NECK BAND ,MIRROR ,CASH",DHANSA BUS STAND,20/01/2024,Bags
POLY BAG,WITH JACKETS,NARAINA VIHAR,20/01/2024,Bags
BAG,"WITH IPAD,MEDICINES, PENS ,DIARY,CHARGER",DWARKA SECTOR - 21,20/01/2024,Bags
POLY BAG,WITH 5 DUPATTA & 4 CHUNRI,CHANDNI CHOWK,20/01/2024,Bags
BAG,BAG WITH HALL TICKET OF BRAHAM PRAKASH,MAYAPURI,20/01/2024,Bags
CARRY BAG,"WITH KURTA ,PAYJAMA,BLOUSE",DWARKA SECTOR - 21,20/01/2024,Bags
MOBILE,BLUE MOBILE,SARAI KALE KHAN - NIZAMUDDIN,20/01/2024,Electronics
BOTTLE,COPPER BOTTLE,AIRPORT (T-3),20/01/2024,Household Items
BAG,"SMALL BAG WITH MOBILE COVERS,OLIVE OIL,EARBUDS,ADOPTERS,EARPHONE ,CASH",AIRPORT (T-3),20/01/2024,Bags
BAG,"WITH SELFI STICK ,ADOPTER",AIRPORT (T-3),20/01/2024,Bags
BAG,"CLOTHES, TOOTHPASTE AND BRUSH",NEW DELHI (Yellow & Airport Line),19/01/2024,Bags
CLOTHES,LADIES,KASHMERE GATE,19/01/2024,Clothing
HELMET,BLACK HELMET,BARAKHAMBA ROAD,19/01/2024,Household Items
WATCH,FOSSIL WATCH,BARAKHAMBA ROAD,19/01/2024,Personal Accessories
CARRY BAG,"RED CARRY BAG WITH STEEL BOTTLE ,STEEL GLASS ,LUNCH BOX",SHASTRI PARK,19/01/2024,Bags
HAND BAG,"SEATER,CAP,SHAWL,DATA CABLE,GLASS POT",RITHALA,19/01/2024,Bags
LUNCH BOX,,LAL QUILA,19/01/2024,Household Items
BAG,"SMALL PURSE HAVING AADHAR CARD MISHTI GULERIA, CLOTHES, WATER BOTTLE, HAIR DRIER, ETC",RAJIV CHOWK,19/01/2024,Bags
BAG,"SBI PASSBOOK(MEERA), USED SHAWL, COSMETIC ITEMS, WATER BOTTLE, CHARGING ADAPTER",AIRPORT (T-3),19/01/2024,Bags
PASSPORT,NEPAL( TAMANG),AIRPORT (T-3),19/01/2024,Documents
BAG,"BLUE BAG WITH HAND BAG ,SMALL BOXES,BANK QR CODE, PAN ,BANK CARD,CASH,CLOTHS ,SUN GLASS OF IRSHAD AHMAD",DWARKA MOR,19/01/2024,Bags
JUTE BAG,"WITH CAP,LUNCH BOX",DWARKA SECTOR - 21,19/01/2024,Bags
PAPER BAG,WITH 3 TIFFIN,DWARKA SECTOR - 21,19/01/2024,Bags
EARBUDS,WHITE EARBUDS,OKHLA VIHAR,19/01/2024,Electronics
PURSE,"WITH RING,AADHAR,BANK CARD ,CASH OF ABIHA ASHAR",OKHLA VIHAR,19/01/2024,Personal Accessories
CASH,CASH,NEW DELHI (Yellow & Airport Line),19/01/2024,Miscellaneous
BAG,"BAG WITH SMART WATCH, SOX, FOOTMAT, JACKET & CAP",RITHALA,18/01/2024,Bags
WATCH,MALE WRIST WATCH,ROHINI WEST,18/01/2024,Personal Accessories
BAG,"BAG WITH SAREE ,SWEATER, COSMETIC ITEM, CASH & PANCARD OF ABHAY SINGH",RAJA NAHAR SINGH (BALLABHGARH),18/01/2024,Bags
BAG,"BLACK HP BAG WITH SAMSUNG MOBILE ,MOBILE CHARGER ,POWER BANK ,PLASTIC BOTTLE,CLOTHS",SAROJINI NAGAR,18/01/2024,Bags
POLY BAG,"WITH SWEATER ,MUFFLER,BLACK JEANS,BRA,KURTI",SAROJINI NAGAR,18/01/2024,Bags
BLACK BAG,"BAG WITH CHARGER ,PURSE, EMPTY CHARGING CASE, AND CASH",HAUZ KHAS,18/01/2024,Bags
POLY BAG,"WITH JACKET,INNER ,LOWER",DELHI GATE,18/01/2024,Bags
PURSE & BOTTLE,"PURSE WITH BANK CARDS, VOTER ID, CASH ,AADHAR OF DEEPLATA & STEEL BOTTLE",JLN STADIUM,18/01/2024,Household Items
BAG,"WITH TRIMMER,WATCH,METRO CARD,ID CARD OF RAHUL VERMA",DWARKA SECTOR - 9,18/01/2024,Bags
PURSE,"WITH PAN,AADHAR,DL,BANK CARDS, CASH OF DEEP SINGH",DWARKA SECTOR - 14,18/01/2024,Personal Accessories
SHOES,1 PAIR BLACK SHOES,KASHMERE GATE,18/01/2024,Clothing
BAG,CLOTHES AND CHARGER,RAJIV CHOWK,18/01/2024,Bags
BAG,"CLOTHES, AADHAR CARD(AVINASH SHANKAR), SPECTACLE WITHCOVER",AIRPORT (T-3),18/01/2024,Bags
PURSE,"WITH AADHAR CARD ,METRO CARD BANK CARD CASH OF DIVYANSHU DWIVEDI",DWARKA MOR,18/01/2024,Personal Accessories
POUCH,"WITH SPECTACLES,EARPHONE",JHILMIL,18/01/2024,Miscellaneous
BAG,STEEL CONTAINER AND COSMETIC ITEM,NEW DELHI (Yellow & Airport Line),17/01/2024,Bags
EARPHONE,PINK COLOUR,SECTOR - 52 NOIDA,17/01/2024,Electronics
BAG,"HAND GLOVES, MOBILE CHARGER,LOCK,PENDRIVE",NEW DELHI (Yellow & Airport Line),17/01/2024,Bags
BLACK BAG,"WITH CHEQUE BOOK,EDUCATIONAL DOCUMENTS ,VOTER ID CLOTHS OF JAY PRAKASH NARAYAN",DWARKA SECTOR - 21,17/01/2024,Bags
BOTTLE,STEEL BOTTLE,DWARKA SECTOR - 21,17/01/2024,Household Items
ELECTRIC KETTLE,ELECTRIC KETTLE,DWARKA SECTOR - 21,17/01/2024,Miscellaneous
BAG,"BLACK BAG WITH CLOTHS, PAN CARD OF BANTI KUMAR",DWARKA SECTOR - 21,17/01/2024,Bags
BOTTLE,STEEL BOTTLE,RITHALA,17/01/2024,Household Items
HAND BAG,WITH BLANKET,RITHALA,17/01/2024,Bags
TROLLEY BAG,"ONE STEEL MILTON BOTTLE, USED CLOTHES",AIRPORT (T-3),17/01/2024,Bags
BOTTLE,BLUE COLOUR,AIRPORT (T-3),17/01/2024,Household Items
JUTE BAG,WITH 4 GLASS BOX,IFFCO CHOWK,17/01/2024,Bags
BOTTLE,BLACK BOTTLE,SIKANDERPUR,17/01/2024,Household Items
EARBUD,WHITE SINGLE EARBUD WITH CASE,SIKANDERPUR,17/01/2024,Electronics
BAG,"BLACK GREEN BAG WITH FACE WAX POWDER ,BATA SHOES ,CHARGER",DWARKA SECTOR - 21,17/01/2024,Bags
PURSE,"WITH PAN CARD ,AADHAR CARD,BANK CARDS,METRO CARD ,CASH OF AAKASH SAINI",CENTRAL SECRETARIAT,17/01/2024,Personal Accessories
METRO CARD,METRO CARD,TIKRI BORDER,17/01/2024,Documents
BAG,BLACK BAG WITH POCKET DIARY,WELCOME,17/01/2024,Bags
LUNCH BAG,"PINK LUNCH BAG WITH 5 BOXES,CHARGER",JANAKPURI WEST,17/01/2024,Bags
EARBUDS,WHITE EARBUDS WITH BLACK COVER,GOLF COURSE,17/01/2024,Electronics
CLOTH ROLL,CLOTH ROLL,CHANDNI CHOWK,17/01/2024,Clothing
WATCH,WRIST WATCH,SAMAYPUR BADLI,17/01/2024,Personal Accessories
HAND BAG,"WITH UNSTITCHED CLOTH,SHAWL,JACKET",GURU DRONACHARYA,17/01/2024,Bags
BLACK HAND BAG,"WITH COSMETICS ,METRO CARD ,VIVO MOBILE",GOVIND PURI,16/01/2024,Bags
SLING BAG,"TOOTHBRUSH , TONGUE CLEANER , LIP BALM , HAIR CLIP",NEW DELHI (Yellow & Airport Line),16/01/2024,Bags
BLANKET,OLD BLANKET,SAMAYPUR BADLI,16/01/2024,Clothing
SLEEPING BAG,SLEEPING BAG,YASHOBHOOMI DWARKA SECTOR  - 25,16/01/2024,Bags
MOBILE,ITEL BASIC MOBILE,SAKET,16/01/2024,Electronics
PTRON EARBUD CASE,NOISE SINGLE EARBUD WITH CASE,PANCHSHEEL PARK,16/01/2024,Electronics
EARBUDS CASE,APPLE EARBUD CASE,UTTAM NAGAR EAST,16/01/2024,Electronics
CAMERA STAND & TOY GUN,CAMERA STAND & TOY GUN,DWARKA MOR,16/01/2024,Electronics
POLY BAG,"WITH SWEATER,STEEL BOTTLE, SOCKS",CHANDNI CHOWK,16/01/2024,Bags
BAG,SLEEPING,AIRPORT (T-3),16/01/2024,Bags
BOTTLE,THERMOSTEEL MILTON,AIRPORT (T-3),16/01/2024,Household Items
BOTTLE,STEEL,AIRPORT (T-3),16/01/2024,Household Items
EARBUDS,BLACK COLOUR WITH CASE,AIRPORT (T-3),16/01/2024,Electronics
BOTTLE,WATER BOTTLE,AIRPORT (T-3),16/01/2024,Household Items
POLY BAG,WITH GREY HOODIE,MAJLIS PARK,16/01/2024,Bags
POLY BAG,WITH 2 SWEATER,LAJPAT NAGAR,16/01/2024,Bags
WALLET,"BLACK WALLET WITH BANK CARDS ,AADHAR, DL , VOTER CARD & PAN CARD OF MANIKANDAN",VINOBAPURI,16/01/2024,Personal Accessories
BAG,"BLUE BAG WITH CHARGER,CLOTHS",SHAHEED STHAL ( NEW BUS ADDA),15/01/2024,Bags
HAND BAG,WITH LADIES WATCH,SHAHEED STHAL ( NEW BUS ADDA),15/01/2024,Bags
CARRY BAG,SUNGLASSES WITH COVER,NEW DELHI (Yellow & Airport Line),15/01/2024,Bags
LUNCH BAG,02 LUNCH BOX TIFFIN,NEW DELHI (Yellow & Airport Line),15/01/2024,Bags
CARRY BAG,PLASTIC BOXES & HANGERS,NEW DELHI (Yellow & Airport Line),15/01/2024,Bags
NAME PLATE,INDIAN RAILWAY MAME PLATE OF KRISHNA KUMARI,KASHMERE GATE,15/01/2024,Miscellaneous
BAG,"BLACK BAG WITH BLANKET,BEDSHEET ,CHARGER",NEW DELHI (Yellow & Airport Line),15/01/2024,Bags
PURSE,"WITH PAN CARD.AADHAR,DL ,CASH ,BANK CARD OF SANAA NAJAM",VISHWAVIDYALAYA,15/01/2024,Personal Accessories
BAG,"WITH DRY FRUITS, PENS,REGISTERS,BISCUITS ,WISPER,CLOTHS",GURU TEG BAHADUR NAGAR,15/01/2024,Bags
BAG,"BLACK BAG WITH CLOTHS,TIFFINS PLASTIC",DWARKA SECTOR - 13,15/01/2024,Bags
POLY BAG,"WITH SANDALS,LADY SUIT ,SILVER COLOR CHAIN",CHANDNI CHOWK,15/01/2024,Bags
SPECTACLE,SPECTACLE,JOHRI ENCLAVE,15/01/2024,Miscellaneous
CARD HOLDER,"WITH CSD CARD,SBI CARD OF HARDESH KUMAR",DELHI CANTT.,15/01/2024,Documents
PHOTO FRAME,BLACK PHOTO FRAME,RAJIV CHOWK,15/01/2024,Miscellaneous
SHOE,BLACK SHOE,SAMAYPUR BADLI,15/01/2024,Clothing
POLY BAG,WITH 2 SWEATER,CHAWRI BAZAR,15/01/2024,Bags
LUNCH BOX,MILTON LUNCH BOX BLUE,MILLENNIUM CITY CENTRE GURUGRAM,15/01/2024,Household Items
EMPTY HAND BAG,EMPTY HAND BAG,RAJENDRA PLACE,15/01/2024,Bags
CARRY BAG,"WITH NECK REST,MUG,SUNGLASS",AIRPORT (T-3),15/01/2024,Bags
BAG,"BLUE BAG WITH BIRTH CERTIFICATE ,AADHAR,SWEATER,RED SHOES OF SHANDHAN SUSHANTA SINGH",KAROL BAGH,15/01/2024,Bags
POLY BAG,"WITH SUIT,SAREE,STEEL BOTTLE",SECTOR - 34 NOIDA,15/01/2024,Bags
EARBUD,OPPO EARBUDS,DILLI HAAT - INA,15/01/2024,Electronics
PURSE,"WITH CASH, BOB CHEQUE BOOK,BANK CARD ,METRO CARD OF HARPREET SINGH",KARKARDUMA,14/01/2024,Personal Accessories
BOTTLE,STEEL BOTTLE,NEW DELHI (Yellow & Airport Line),14/01/2024,Household Items
BAG,WHITE BAG WITH OLD CLOTHS,SAMAYPUR BADLI,14/01/2024,Bags
BOTTLE,STEEL BOTTLE,RITHALA,14/01/2024,Household Items
HAND BAG,"WITH GLASS SET,SLICER,SOAP DISPENSER",DWARKA SECTOR - 21,14/01/2024,Bags
MOBILE,REALME MOBILE WITH DATA  CABLE,OKHLA BIRD SANCTUARY,14/01/2024,Electronics
BLACK BAG,SHOES & LADIES DRESS,SHASTRI PARK,14/01/2024,Bags
BAG,"BLUE BAG WITH WATCH,BLACK CHARGER CABLE,KEY",AIRPORT (T-3),14/01/2024,Bags
BAG,"WITH BAG ,MI POWER BANK ,CHARGER ,STEEL BOTTLE ,TROUSER",AIRPORT (T-3),14/01/2024,Bags
POLY BAG,"WITH SHOES,BLUE JACKET,PANT",SAROJINI NAGAR,14/01/2024,Bags
POLY BAG,"WITH LOWER,JACKET,T SHIRT",SAROJINI NAGAR,14/01/2024,Bags
UMBRELLA,BLACK UMBRELLA,JANPATH,14/01/2024,Personal Accessories
BAG,"BLACK BAG WITH BOOK ,ADOPTER, SPECTACLES,MEDICINES OF MANGERA KAUSHIK",DWARKA MOR,14/01/2024,Bags
METRO CARD,METRO CARD,NEW DELHI (Yellow & Airport Line),13/01/2024,Documents
CHAIN,CHAIN,KASHMERE GATE,13/01/2024,Personal Accessories
BAG,"PURPLE COLOR BAG WITH BLANKET ,,LOCKET,SAREE, BLOUSE,PETICOT ,CHARGER,CLOTHS,COSMETICS",GURU TEG BAHADUR NAGAR,13/01/2024,Bags
BAG,"WITH CLOTHS,PURSE,CASH ,METRO CARD,AADHAR,VOTER ID OF SHIVAM & KULDIP",RITHALA,13/01/2024,Bags
PURSE,WITH BANK CARD AADHAR PAN CARD OF MANJEET KUMAR,SEELAMPUR,13/01/2024,Personal Accessories
POLY BAG,"WITH TABLE CLOTH,SUIT CLOTH,STEEL TIFFIN",SEELAMPUR,13/01/2024,Bags
COAT COVER,"WITH COAT ,TIE ,JACKET",SECTOR - 62 NOIDA,13/01/2024,Clothing
BAG,"BLACK BAG WITH LAPTOP CHARGER,MOBILE CHARGER,BLANKET ,BOOK",SECTOR - 59 NOIDA,13/01/2024,Bags
POLY BAG,"WITH T SHIRT,SWEATER,SHAWL,SHOES,SHIRT,SHAWL",CHANDNI CHOWK,13/01/2024,Bags
HELMET,BLACK HELMET,MILLENNIUM CITY CENTRE GURUGRAM,13/01/2024,Household Items
POLY BAG,"WITH RED CHUNNI,BANGLES SET",MILLENNIUM CITY CENTRE GURUGRAM,13/01/2024,Bags
LUNCH BOX,BIG LUNCH BOX WITH 2 STEEL BOX,SAMAYPUR BADLI,13/01/2024,Household Items
POLY BAG,"KIDS CLOTHS,BELT,BANGLES",LAL QUILA,13/01/2024,Bags
POLY BAG,"WITH WIRE CUTTER,PLIER,STAPLER PINS ,VGA IN",AIRPORT (T-3),13/01/2024,Bags
POLYBAG,"GLASS BANGLES , WARM CAP & CHUNNI",JAMA MASJID,12/01/2024,Bags
BAG,I- CARD BANK CARD LUNCH BOX CHARGER DOCUMENT PHOTOCOPIES OF AMIT KUMAR DIXIT,GURU TEG BAHADUR NAGAR,12/01/2024,Bags
POLYBAG,COAT PANT SET,NEW DELHI (Yellow & Airport Line),12/01/2024,Bags
KIDS CLOTH,WOOLEN KIDS CLOTH,NARAINA VIHAR,12/01/2024,Clothing
POLY BAG,WITH CHILDERS CLOTHS,SEELAMPUR,12/01/2024,Bags
BOTTLE,STEEL BOTTLE,GURU DRONACHARYA,12/01/2024,Household Items
LUNCH BOX,OLIVEWARE LUNCH BOX,DWARKA SECTOR - 21,12/01/2024,Household Items
WATCH,SMART WATCH,PUNJABI BAGH,12/01/2024,Personal Accessories
MOBILE,I PHONE,SECTOR - 62 NOIDA,12/01/2024,Electronics
POLY BAG,WITH JACKETS,DWARKA SECTOR - 11,12/01/2024,Bags
POLY BAG,"WITH SWEATER,MULTIMETER,SAREE,SLIPPERS ,TOY,BOTTLE",CHANDNI CHOWK,12/01/2024,Bags
CARRY BAG,"HELMET ,2 PAIR SHOE",SAKET,12/01/2024,Bags
AADHAR CARD,OF AKSHIT SINGH JAGDEV,MILLENNIUM CITY CENTRE GURUGRAM,12/01/2024,Documents
CARRY BAG,"WITH BOTTLE ,LADIES CLOTHS",MILLENNIUM CITY CENTRE GURUGRAM,12/01/2024,Bags
PURSE,"WITH PAN CARD ,AADHAR CARD, DL,CSD CARD,CASH OF SUNARAM SOREN",BRIG. HOSHIAR SINGH,12/01/2024,Personal Accessories
POLY BAG,"WITH BLUE JACKET,SOCKS",SHIVAJI PARK,12/01/2024,Bags
BOTTLE,STEEL BOTTLE,SHIVAJI STADIUM,12/01/2024,Household Items
LUNCH BAG,WITH CASH TIFFINS,KHAN MARKET,12/01/2024,Bags
PURSE,"WITH BANK CARD PAN, CARD,AADHAR OF MOHIT",RAJOURI GARDEN,12/01/2024,Personal Accessories
HAND BAG,"WITH CASH ,CHARGER,PURSE,BANK OF MAHARASHTRA CARD",TIS HAZARI,11/01/2024,Bags
BLACK BAG,"WITH CLOTHS,GLOVES,PASSBOOK ,CHARGER,BELT OF PUSHPRAJ KUSHWAHA",DWARKA SECTOR - 21,11/01/2024,Bags
LUNCH BAG,"WITH BOTTLE,TIFFIN",DWARKA SECTOR - 21,11/01/2024,Bags
BOTTLE,BLACK BOTTLE,DWARKA SECTOR - 21,11/01/2024,Household Items
BOTTLE,GLASS BOTTLE,DWARKA SECTOR - 21,11/01/2024,Household Items
PAPER BAG,"WITH CALENDAR ,CHARGER ,TOOTH BRUSH",SAMAYPUR BADLI,11/01/2024,Bags
PURSE,"WITH CASH ,AADHAR,PAN CARD ,SBI CARD,METRO CARD OF KAJAL KHOSLA",VIDHAN SABHA,11/01/2024,Personal Accessories
MOBILE,OPPO MOBILE,PASCHIM VIHAR EAST,11/01/2024,Electronics
LUNCH BOX,SOLIMO TIFFIN BOX,JAMIA MILLIA ISLAMIA,11/01/2024,Household Items
HAND BAG,WITH ARTIFICIAL DENTURE UTENSILS,SAMAYPUR BADLI,11/01/2024,Bags
POLY BAG,BLACK POLY BAG WITH LATKANS,RAMAKRISHNA ASHRAM MARG,11/01/2024,Bags
BOTTLE,STEEL BOTTLE,RITHALA,11/01/2024,Household Items
POLY BAG,WITH BLUE SWEATER,RAJIV CHOWK,11/01/2024,Bags
PURSE,"WITH CASH ,SBI CARD OF JATIN YADAV",DHANSA BUS STAND,11/01/2024,Personal Accessories
PURSE,"WITH BANK CARDS AADHAR, CASH OF DAMINI CHAHAR",SECTOR - 61 NOIDA,10/01/2024,Personal Accessories
PURSE,PURSE WITH DOCUMENTS OF AMAN,NIRMAN VIHAR,10/01/2024,Personal Accessories
BAG,GREEN BLACK BAG WITH CLOTHES BOTTLE SHOES,RAJA NAHAR SINGH (BALLABHGARH),10/01/2024,Bags
BAG,"BLACK BAG WITH KEY , CLOTHES , EARBUD & BAG COVER",NEW DELHI (Yellow & Airport Line),10/01/2024,Bags
BIKE KEY,ROYAL ENFIELD BIKE KEY,NEW DELHI (Yellow & Airport Line),10/01/2024,Household Items
LUNCH BOX,GREY LUNCH BOX,NEW DELHI (Yellow & Airport Line),10/01/2024,Household Items
MUG,STEEL VACCUM MUG,RITHALA,10/01/2024,Miscellaneous
IRON FRAME,IRON FRAME,RITHALA,10/01/2024,Miscellaneous
POLY BAG,WITH WOOLEN LADY DRESS,SAMAYPUR BADLI,10/01/2024,Bags
