item_name,description,station_name,receiving_date,category_name,latitude,longitude
CHAIN,METAL CHAIN,VAISHALI,21/03/2024,Personal Accessories,25.74917025,85.3972164
EARBUDS CASE,BLACK EARBUDS,BRIG. HOSHIAR SINGH,20/03/2024,Electronics,28.6974603,76.9192027
CARRY BAG,OLD LADIES CLOTHES,RITHALA,20/03/2024,Bags,28.7208064,77.1071813
BAG,"UTENSILS , PEN , HANGER & LUNCH BOX",KAROL BAGH,20/03/2024,Bags,28.6529982,77.1890227
JACKET,GREY JACKET,YASHOBHOOMI DWARKA SECTOR  - 25,20/03/2024,Clothing,28.5508323,77.0453073
BAG,"WITH DENIM PANT & JACKET ,TIFFIN ,TOWEL ,LOWER & T SHIRT",YASHOBHOOMI DWARKA SECTOR  - 25,20/03/2024,Bags,28.5508323,77.0453073
JUTE BAG,WITH LUNCH BOX,SAMAYPUR BADLI,20/03/2024,Bags,28.7446411,77.1382701
BROWN PURSE,"BANK CARDS , AADHAR CARD , PAN CARD OF MR. NARESH PASWAN",KASHMERE GATE,20/03/2024,Personal Accessories,28.6668141,77.22905486
JUTE BAG,"WITH BOTTLE ,GLASS BOXES",IFFCO CHOWK,20/03/2024,Bags,28.4723277,77.0724222
WATCH,LADY WATCH,DELHI CANTT.,20/03/2024,Personal Accessories,28.6117094,77.1156635
EARBUDS,BLACK EARBUDS,BOTANICAL GARDEN,20/03/2024,Electronics,55.84484725,37.63824367
PURSE,WITH DL BANK CARDS OF SANJAY YADAV,BOTANICAL GARDEN,20/03/2024,Personal Accessories,55.84484725,37.63824367
BAG,WITH CLOTHS ORNAMENTS  HAIR DRYER,RAJIV CHOWK,20/03/2024,Bags,28.6327786,77.2196985
WALLET,AADHAR CARD & CASH OF MS. MAHIMA JAIN,NEW DELHI (Yellow & Airport Line),19/03/2024,Personal Accessories,28.6436415,77.2217373
CARRY BAG,"BLANKET , SWEATER & MEDICAL DOCUMENTS OF MR. SATYENDER",SAMAYPUR BADLI,19/03/2024,Bags,28.7446411,77.1382701
LUNCH BAG,LUNCH BOX & SPOON,SAMAYPUR BADLI,19/03/2024,Bags,28.7446411,77.1382701
PASSPORT,OF RUSSIAN LADY TATYANA BAKULINA,MANDI HOUSE,19/03/2024,Documents,28.6255149,77.2341926
EARBUDS,BLACK EARBUDS,JHILMIL,19/03/2024,Electronics,28.6757197,77.3123949
RACK,DVR & NETWORKING RACK,JHILMIL,19/03/2024,Miscellaneous,28.6757197,77.3123949
HELMET,BLACK HELMET,KASHMERE GATE,19/03/2024,Household Items,28.6668141,77.22905486
PURSE,"WITH METRO CARD ,CASH,PHOTO",MOOLCHAND,19/03/2024,Personal Accessories,30.31840995,78.0689451
WATCH,LADIES WATCH,CHIRAG DELHI,19/03/2024,Personal Accessories,28.5381411,77.2280694
GREY BAG,"WITH CLOTHS ,SLIPPERS,EARRINGS",YASHOBHOOMI DWARKA SECTOR  - 25,19/03/2024,Bags,28.5508323,77.0453073
POLY BAG,WITH LADIES  INNER WEAR,RAMAKRISHNA ASHRAM MARG,19/03/2024,Bags,28.6392436,77.2085787
MOBILE,ONEPLUS MOBILE,LAJPAT NAGAR,19/03/2024,Electronics,28.5660924,77.2432851
PAYAL,SILVER COLOR PAYAL,AIIMS,18/03/2024,Miscellaneous,28.5668602,77.2078058
MOBILE,MOBILE,DELHI AEROCITY,18/03/2024,Electronics,28.5487786,77.1207949
TROLLEY BAG,RED TROLLEY BAG WITH CLOTHS,NEW DELHI (Yellow & Airport Line),18/03/2024,Bags,28.6436415,77.2217373
POLY BAG,WITH OLD BLANKET,DWARKA SECTOR - 21,18/03/2024,Bags,28.5519218,77.0585605
POLY BAG,"WITH HELMET,DUPATTA",RITHALA,18/03/2024,Bags,28.7208064,77.1071813
HAND BAG,LADIES HAND BAG WITH WATCH,YASHOBHOOMI DWARKA SECTOR  - 25,18/03/2024,Bags,28.5508323,77.0453073
MEDICINES,HOMEOPATHIC MEDICINES,NOIDA ELECTRONIC CITY,18/03/2024,Miscellaneous,28.6282627,77.3750033
EARBUD,BLACK SINGLE EARBUD WITH CASE,JAMIA MILLIA ISLAMIA,18/03/2024,Electronics,28.55849025,77.28116474
EARBUD,WHITE SINGLE EARBUD WITH CASE,KASHMERE GATE,18/03/2024,Electronics,28.6668141,77.22905486
LUNCH BAG,LUNCH BOX & SPOON,MANDI HOUSE,18/03/2024,Bags,28.6255149,77.2341926
STUDY TABLE,STUDY TABLE,SULTANPUR,18/03/2024,Miscellaneous,26.26047315,82.23805321
ANKLET,SILVER COLOR ANKLET,AIRPORT (T-3),18/03/2024,Personal Accessories,60.3187687,24.9681249
EARBUD CASE,EMPTY EARBUD CASE ONLY,BARAKHAMBA ROAD,18/03/2024,Electronics,28.62747069,77.22904879
LUNCH BAG,WITH 3 STEEL BOX,DELHI AEROCITY,18/03/2024,Bags,28.5487786,77.1207949
BAG,"WITH  BOOKS ,DIARY ,HOLY BOOK,MEDAL,UMBRELLA ,SLIPPERS ,COMB",VAISHALI,18/03/2024,Bags,25.74917025,85.3972164
BLACK POLY BAG,"WITH EMPTY PURSE ,BANGLE SET",JAMA MASJID,18/03/2024,Bags,28.6506822,77.23296096
NECK BAND,RED NECK BAND,JANAKPURI EAST,18/03/2024,Miscellaneous,28.633027,77.086709
WATCH,SMART WATCH,RAMESH NAGAR,18/03/2024,Personal Accessories,28.6527444,77.1316496
MANGALSUTRA,MANGALSUTRA,HARKESH NAGAR OKHLA,17/03/2024,Miscellaneous,28.5431808,77.275351
EARBUDS,PINK EARBUDS,CHIRAG DELHI,17/03/2024,Electronics,28.5381411,77.2280694
CARRY BAG,WITH HALF JACKET,PATEL NAGAR,17/03/2024,Bags,28.6450127,77.1692817
LUNCH BAG,WITH STEEL BOX,RITHALA,17/03/2024,Bags,28.7208064,77.1071813
SHOES,1 PAIR SHOES,LAL QUILA,17/03/2024,Clothing,28.657483,77.2366607
EARBUD,BLACK EARBUD,AIRPORT (T-3),17/03/2024,Electronics,60.3187687,24.9681249
SHOES,1 PAIR FORMAL SHOES,CENTRAL SECRETARIAT,17/03/2024,Clothing,28.6158726,77.2123897
POLY BAG,WITH LADIES TOP,JANPATH,17/03/2024,Bags,28.6240485,77.2192587
BAG,"WITH CLOTHS ,KIRPAN ,CLOTHS ,ADOPTER",VAISHALI,17/03/2024,Bags,25.74917025,85.3972164
FILE,BLUE FILE WITH EDUCATIONAL CERTIFICATE OF MANJU CHAKMA,CHANDNI CHOWK,17/03/2024,Documents,28.6559834,77.2321937
BOTTLE,STEEL BOTTLE,CHANDNI CHOWK,17/03/2024,Household Items,28.6559834,77.2321937
PURSE,"WITH AADHAR,PAN CARD OF NIKITA",MUNDKA,17/03/2024,Personal Accessories,28.6819261,77.0308105
BAG,"WITH CLOTHS ,WIPES PACKET",NOIDA ELECTRONIC CITY,17/03/2024,Bags,28.6282627,77.3750033
POLY BAG,WITH MEDICINES,NOIDA ELECTRONIC CITY,16/03/2024,Bags,28.6282627,77.3750033
PAPER BAG,"WITH T SHIRT,SOCKS",TILAK NAGAR,16/03/2024,Bags,28.6365482,77.0964961
EARPHONE,WIRED EARPHONE,RAJOURI GARDEN,16/03/2024,Electronics,28.6490563,77.1227198
HAMMER & BOTTLE,HAMMER & STEEL BOTTLE,JAHANGIRPURI,16/03/2024,Household Items,28.7259717,77.162658
METRO CARD,METRO CARD,NEW DELHI (Yellow & Airport Line),16/03/2024,Documents,28.6436415,77.2217373
EARBUDS,WHITE EARBUDS,ADARSH NAGAR,16/03/2024,Electronics,28.7165805,77.1704223
GYM BAG,"WITH CHARGER ,BLANKET",DWARKA MOR,16/03/2024,Bags,28.61931,77.0332792
BROWN PURSE,BROWN PURSE WITH CURRENCY,SAMAYPUR BADLI,16/03/2024,Personal Accessories,28.7446411,77.1382701
POLY BAG,WITH 2 PAIRS KURTA & PYJAMA,RITHALA,16/03/2024,Bags,28.7208064,77.1071813
BAG,"WITH CHARGER,LOWERS",SECTOR - 62 NOIDA,16/03/2024,Bags,28.6211447,77.3643493
PAPER BAG,WITH 5 TROUSER,NOIDA ELECTRONIC CITY,16/03/2024,Bags,28.6282627,77.3750033
TROLLY BAG,CLOTHES & QUESTION PAPER OF ADITI YADAV,MILLENNIUM CITY CENTRE GURUGRAM,15/03/2024,Bags,28.4593429,77.0726571
BOOKS,BOOKS,MANDI HOUSE,15/03/2024,Documents,28.6255149,77.2341926
MOBILE,OPPO MOBILE,MANDI HOUSE,15/03/2024,Electronics,28.6255149,77.2341926
POLY BAG,WITH CLOTHS,NEW DELHI (Yellow & Airport Line),15/03/2024,Bags,28.6436415,77.2217373
BLACK POUCH,WITH COSMETICS,NEW DELHI (Yellow & Airport Line),15/03/2024,Miscellaneous,28.6436415,77.2217373
HELMET,BLACK HELMET,SAMAYPUR BADLI,15/03/2024,Household Items,28.7446411,77.1382701
BAG,"WITH HOOKA,TONGS",IFFCO CHOWK,15/03/2024,Bags,28.4723277,77.0724222
TORCH,TORCH WITH COVER,UTTAM NAGAR EAST,15/03/2024,Household Items,28.6248465,77.0652861
EARBUD,BLACK EARBUD,UTTAM NAGAR EAST,15/03/2024,Electronics,28.6248465,77.0652861
BLACK  LADIES PURSE,"WITH CASH ,METRO CARD ,COSMETICS",KAUSHAMBI,15/03/2024,Personal Accessories,25.5342456,81.44935674
WATCH,BIZZO WATCH,VISHWAVIDYALAYA,15/03/2024,Personal Accessories,26.496489,80.267272
POLY BAG,WITH 2 PANTS,LAL QUILA,15/03/2024,Bags,28.657483,77.2366607
WATER BOTTLE,WATER BOTTLE,MILLENNIUM CITY CENTRE GURUGRAM,15/03/2024,Household Items,28.4593429,77.0726571
PANTS,PANTS,DWARKA SECTOR - 21,14/03/2024,Miscellaneous,28.5519218,77.0585605
BOTTLE,STEEL BOTTLE,RITHALA,14/03/2024,Household Items,28.7208064,77.1071813
PASSPORT,OF ABDUL KADIR,AIRPORT (T-3),14/03/2024,Documents,60.3187687,24.9681249
LUNCH BAG,"WITH PINK TIFFIN ,SPECTACLES WITH COVER",SAMAYPUR BADLI,14/03/2024,Bags,28.7446411,77.1382701
BLACK BAG,"WITH CLOTHS ,STEEL TIFFIN BOX",DWARKA MOR,14/03/2024,Bags,28.61931,77.0332792
PLASTIC COVER,"WITH DOCTOR PRESCRIPTION ,INSURANCE PAPER ,LETTERHEAD PAPER,STAMP OF ASHUTOSH BASEDIA",NOIDA ELECTRONIC CITY,14/03/2024,Miscellaneous,28.6282627,77.3750033
MOBILE HOLDER,MOBILE HOLDER,JAMA MASJID,14/03/2024,Electronics,28.6506822,77.23296096
HAND BAG,"with bank cards,charger,tiffin ,cash of Usha tyagi",M.G. ROAD,14/03/2024,Bags,9.9833224,76.2824385
WATCH,FASTRACK WATCH,M.G. ROAD,14/03/2024,Personal Accessories,9.9833224,76.2824385
PEN DRIVE,OF SAKSHI,SAMAYPUR BADLI,14/03/2024,Miscellaneous,28.7446411,77.1382701
BOTTLE,STEEL BOTTLE,GURU DRONACHARYA,14/03/2024,Household Items,28.48200425,77.10221882
JACKET,BLUE JACKET,YASHOBHOOMI DWARKA SECTOR  - 25,13/03/2024,Clothing,28.5508323,77.0453073
SLEEPING BAG,SLEEPING BAG,YASHOBHOOMI DWARKA SECTOR  - 25,13/03/2024,Bags,28.5508323,77.0453073
BAG,"WITH CLOTHS ,PAN CARD,AADHAR,BANK CARDS,PASSBOOK OF RAJU BAHADUR",RAJIV CHOWK,13/03/2024,Bags,28.6327786,77.2196985
PURSE,LADY PURSE WITH MOBILE REDMI,RAMAKRISHNA ASHRAM MARG,13/03/2024,Personal Accessories,28.6392436,77.2085787
LUNCH BOX,CELLO LUNCH BOX WITH 2 CONTAINERS,DWARKA SECTOR - 21,13/03/2024,Household Items,28.5519218,77.0585605
LUNCH BOX,BOROSIL LUNCH BOX WITH 2 CONTAINERS,DWARKA SECTOR - 21,13/03/2024,Household Items,28.5519218,77.0585605
POWER BANK,POWER BANK,SUBHASH NAGAR,13/03/2024,Electronics,28.6404628,77.1052347
LUNCH BAG,"WITH PLASTIC BOTTLE,DIARY,GLASS TIFFINS",SAMAYPUR BADLI,13/03/2024,Bags,28.7446411,77.1382701
BAG,"WITH CLOTHS,AADHAR OF PRADUM KUMAR",SAMAYPUR BADLI,13/03/2024,Bags,28.7446411,77.1382701
LUNCH BOX,TREO LUNCH BOX,SAMAYPUR BADLI,13/03/2024,Household Items,28.7446411,77.1382701
POWER BANK,BLACK POWER BANK,AIRPORT (T-3),13/03/2024,Electronics,60.3187687,24.9681249
BLACK BAG,"MOBILE CHARGER , SMART WATCH , SPECTACLES & SUNGLASS , EARBUD & DOCUMENTS OF MR. SACHIN KUMAR",SAROJINI NAGAR,13/03/2024,Bags,28.575817,77.1980786
POLY BAG,LADIES CLOTHES & MEDICINE GEL,SAROJINI NAGAR,13/03/2024,Bags,28.575817,77.1980786
UMBRELLA & BOTTLE,GREEN UMBRELLA & STEEL BOTTLE,KAROL BAGH,13/03/2024,Household Items,28.6529982,77.1890227
GREEN SLING BAG,"WITH CASH ,SUNGLASS,SPECTACLES ,COSMETICS,",DWARKA SECTOR - 21,12/03/2024,Bags,28.5519218,77.0585605
EARBUD,EARBUD,AIRPORT (T-3),12/03/2024,Electronics,60.3187687,24.9681249
NECKBAND,NECKBAND,AIRPORT (T-3),12/03/2024,Miscellaneous,60.3187687,24.9681249
SCISSOR,WITH WOODEN RING,NOIDA SECTOR-18,12/03/2024,Miscellaneous,28.5707583,77.3260756
EARBUDS,BLACK EARBUDS,OKHLA BIRD SANCTUARY,12/03/2024,Electronics,28.5569866,77.3090031
BOTTLE,STEEL BOTTLE,NAWADA,12/03/2024,Household Items,24.8173249,85.51790847
EARBUDS,WHITE EARBUDS,NARAINA VIHAR,12/03/2024,Electronics,28.6243852,77.1364438
PURSE,"WITH CASH, PAN CARD,AADHAR ,BANK CARD OF PAWAN SINGH",M.G. ROAD,12/03/2024,Personal Accessories,9.9833224,76.2824385
CARTOON  BOX,WITH METALLIC PARTS,RAJIV CHOWK,12/03/2024,Miscellaneous,28.6327786,77.2196985
POLY BAG,"WITH STEEL BOTTLE,LOWER,SLIPPERS",KAROL BAGH,12/03/2024,Bags,28.6529982,77.1890227
HELMET,BLACK HELMET,SAMAYPUR BADLI,12/03/2024,Household Items,28.7446411,77.1382701
MANGALSHUTRA,MANGALSHUTRA,UTTAM NAGAR WEST,11/03/2024,Miscellaneous,28.621757,77.0557122
BOTTLE & EARBUD CASE,"STEEL BOTTLE ,EARBUD CASE",CHHATARPUR,11/03/2024,Electronics,,
BAG,BROWN BAG WITH CLOTHS,NOIDA CITY CENTRE,11/03/2024,Bags,28.5747334,77.3561638
WATCH,BLACK WATCH,NOIDA CITY CENTRE,11/03/2024,Personal Accessories,28.5747334,77.3561638
BLACK BAG,"WITH CLOTHS ,HORLICKS,SOAPS,HAIR OIL,FLOWER POT",NOIDA ELECTRONIC CITY,11/03/2024,Bags,28.6282627,77.3750033
PAN CARD,BANK CARD OF DEVENDER KUMAR,DWARKA SECTOR - 13,11/03/2024,Documents,28.597009,77.0335407
SLEEPING BAG,SLEEPING BAG,YASHOBHOOMI DWARKA SECTOR  - 25,11/03/2024,Bags,28.5508323,77.0453073
BAG WITH,"POWER BANK,CHARGER,CLOTHES",YASHOBHOOMI DWARKA SECTOR  - 25,11/03/2024,Bags,28.5508323,77.0453073
PURSE WITH,ID OF CHAND SINGH,AIRPORT (T-3),11/03/2024,Personal Accessories,60.3187687,24.9681249
BOTTLE,BOTTLE,AIRPORT (T-3),11/03/2024,Household Items,60.3187687,24.9681249
PURSE WITH,"VI , AADHAR & CASH OF FANISH KHULBE",AIRPORT (T-3),11/03/2024,Personal Accessories,60.3187687,24.9681249
CARRYBAG WITH,TOWEL & BEDSHEET,SHIVAJI STADIUM,11/03/2024,Bags,28.6288963,77.2113218
BAG,EMPTY BAG,NOIDA SECTOR-18,11/03/2024,Bags,28.5707583,77.3260756
PURSE,"WITH BANK CARD ,AADHAR OF ABHILASHA",SAKET,11/03/2024,Personal Accessories,28.521168,77.2022237
LUNCH BAG,"WITH CHARGER,EARBUDS,TIFFIN",NAWADA,11/03/2024,Bags,24.8173249,85.51790847
BAG WITH,"SANDLE,PINK DRESS & CHARGER",HARKESH NAGAR OKHLA,10/03/2024,Bags,28.5431808,77.275351
BAG WITH,SUIT,KASHMERE GATE,10/03/2024,Bags,28.6668141,77.22905486
PAPER BAG WITH,OLD CLOTHES,IFFCO CHOWK,10/03/2024,Bags,28.4723277,77.0724222
MOBILE,MOTOROLA  MOBILE,JAMA MASJID,10/03/2024,Electronics,28.6506822,77.23296096
POLY BAG,"WITH WATCH,LOWER,SHIRT",JAMA MASJID,10/03/2024,Bags,28.6506822,77.23296096
PURSE,"WITH VOTER ID ,PAN CARD,AADHAR OF RAVI KUMAR",JAMA MASJID,10/03/2024,Personal Accessories,28.6506822,77.23296096
BAG,SAREE,MANSAROVAR PARK,10/03/2024,Bags,28.675385,77.3008678
TROLLEY BAG,"CLOTHES , CHARGER & SPEAKER",BAHADURGARH CITY,10/03/2024,Bags,28.6907783,76.9354807
BAG,"WITH CLOTHS,CHARGER,HOT CASE ,KNIFE",AIRPORT (T-3),10/03/2024,Bags,60.3187687,24.9681249
TROPHY,CWA CUP,MANDI HOUSE,10/03/2024,Miscellaneous,28.6255149,77.2341926
GREY SUIT CASE,WITH CLOTHS,DWARKA MOR,10/03/2024,Miscellaneous,28.61931,77.0332792
WATCH,FASTRACK WATCH,DWARKA MOR,10/03/2024,Personal Accessories,28.61931,77.0332792
BAG,"WITH SUNGLASS,SPECTACLES OF SUKHSAGAR",DWARKA MOR,10/03/2024,Bags,28.61931,77.0332792
CHAIN,CHAIN WITH PENDANT,MILLENNIUM CITY CENTRE GURUGRAM,09/03/2024,Personal Accessories,28.4593429,77.0726571
BLUE CARRY BAG,WITH SPOON,AIRPORT (T-3),09/03/2024,Bags,60.3187687,24.9681249
BANK CARD,AXIS BANK CARD OF AVNIT NEGI,BOTANICAL GARDEN,09/03/2024,Documents,55.84484725,37.63824367
WALL PAPER SAMPLE BOOK,WALL PAPER SAMPLE BOOK,KASHMERE GATE,09/03/2024,Miscellaneous,28.6668141,77.22905486
WAIST BAG,"WITH EARBUDS ,CHARGER",SECTOR - 52 NOIDA,09/03/2024,Bags,28.5885198,77.36890648
EAR RING,EAR RING,"ROHINI SECTOR - 18, 19",09/03/2024,Personal Accessories,28.73635755,77.13563584
POLYBAG,LADIES CLOTHES,SAROJINI NAGAR,09/03/2024,Bags,28.575817,77.1980786
POLY BAG,LADIES CLOTHES,SAROJINI NAGAR,09/03/2024,Bags,28.575817,77.1980786
WIND VISOR,1 PAIR WIND VISOR,GOVIND PURI,08/03/2024,Miscellaneous,28.5445521,77.2642761
POLY BAG,"WITH BLOUSE,CLOTH PIECE",GOVIND PURI,08/03/2024,Bags,28.5445521,77.2642761
BAG,"WITH CLOTHS,MANGALSUTRA",DWARKA,08/03/2024,Bags,22.2424747,68.9671448
WATER BOTTLE,STEEL WATER BOTTLE,NEW DELHI (Yellow & Airport Line),08/03/2024,Household Items,28.6436415,77.2217373
BLACK BAG,CLOTHES & PERFUME,MALVIYA NAGAR,08/03/2024,Bags,28.5339201,77.2124474
POLYBAG,BLACK JACKET,TIS HAZARI,08/03/2024,Bags,28.6671626,77.2166306
COAT COVER,"COAT , PANT , TIE & SHIRT",MODEL TOWN,08/03/2024,Clothing,28.707334,77.1885231
LUNCH BOX,LUNCH BOX,SHASTRI PARK,08/03/2024,Household Items,28.6684339,77.2505301
WATCH,MALE WATCH,KAROL BAGH,08/03/2024,Personal Accessories,28.6529982,77.1890227
WATER BOTTLE,STEEL WATER BOTTLE,IFFCO CHOWK,08/03/2024,Household Items,28.4723277,77.0724222
BOTTLE,STEEL BOTTLE,AIRPORT (T-3),08/03/2024,Household Items,60.3187687,24.9681249
PURSE,"WITH BANK CARDS,DL,PAN CARD OF ARIF ALI",AIRPORT (T-3),08/03/2024,Personal Accessories,60.3187687,24.9681249
SLING BAG,"WITH SUNGLASS ,BANGLES",AIRPORT (T-3),08/03/2024,Bags,60.3187687,24.9681249
SHOES,1 PAIR LADIES SHOES,SHAHDARA,08/03/2024,Clothing,28.6758661,77.29850777
POLY BAG,WITH WALL CLOCK & CELLS,YASHOBHOOMI DWARKA SECTOR  - 25,08/03/2024,Bags,28.5508323,77.0453073
EARBUDS,BLUE EARBUDS,NEHRU ENCLAVE,08/03/2024,Electronics,28.5460584,77.2515057
POLY BAG,"WITH BELT ,WALLET",LAL QUILA,08/03/2024,Bags,28.657483,77.2366607
PURSE,"WITH CASH ,AADHAR ,BANK CARD,PAN CARD OF AAKANSHA",NOIDA ELECTRONIC CITY,08/03/2024,Personal Accessories,28.6282627,77.3750033
PURSE,"WITH BANK CARDS ,AADHAR ,DL  OF HARENDER YADAV",MAYUR VIHAR -I,08/03/2024,Personal Accessories,28.6036425,77.2909319
BAG,BAG,AZADPUR,08/03/2024,Bags,28.7070448,77.1803722
BOTTLE & TIFFIN,STEEL BOTTLE & STEEL TIFFIN,MILLENNIUM CITY CENTRE GURUGRAM,07/03/2024,Household Items,28.4593429,77.0726571
EARBUDS CASE,WHITE EARBUDS CASE,EAST VINOD NAGAR-MAYUR VIHAR -II,07/03/2024,Electronics,28.6200437,77.3054069
BLUE BAG,OLD CLOTHES,PANDIT SHREE RAM SHARMA,07/03/2024,Bags,28.689281,76.9511988
LUNCH BOX,LUNCH BOX,PANDIT SHREE RAM SHARMA,07/03/2024,Household Items,28.689281,76.9511988
JUTE BAG,LUNCH BOX,SAMAYPUR BADLI,07/03/2024,Bags,28.7446411,77.1382701
CARRY BAG,SHIRT & DUPATTA,RITHALA,06/03/2024,Bags,28.7208064,77.1071813
EARBUDS,BLACK EARBUDS,RITHALA,06/03/2024,Electronics,28.7208064,77.1071813
LUNCH BAG,"WITH PLASTIC BOX -3,KEY",OKHLA BIRD SANCTUARY,06/03/2024,Bags,28.5569866,77.3090031
STETHOSCOPE,STETHOSCOPE,DASHRATHPURI,06/03/2024,Electronics,28.6018751,77.0823561
POLYBAG,MULTICOLOR SAREE,NEW DELHI (Yellow & Airport Line),06/03/2024,Bags,28.6436415,77.2217373
MOBILE,KEYPAD MOBILE,NEW DELHI (Yellow & Airport Line),06/03/2024,Electronics,28.6436415,77.2217373
POLY BAG,SHIRT & BURKHA,JAMA MASJID,06/03/2024,Bags,28.6506822,77.23296096
CARRY BAG,WITH CHUNNI,LAJPAT NAGAR,06/03/2024,Bags,28.5660924,77.2432851
BAG,"WITH ID CARD,DIARY,RESUME,FLASK,PENDRIVE,WATCH OF MICHEL SURJEET",SECTOR - 59 NOIDA,06/03/2024,Bags,28.6080248,77.36762827
SUN GLASSES,SUN GLASSES,JANPATH,06/03/2024,Personal Accessories,28.6240485,77.2192587
PURSE,"WITH CASH ,METRO CARD,COLLEGE ID OF CHHAVI",DWARKA SECTOR - 14,06/03/2024,Personal Accessories,28.6022218,77.0259765
CARRY BAG,LUNCH BOX,SAMAYPUR BADLI,06/03/2024,Bags,28.7446411,77.1382701
EARPHONE,EARPHONE,NEW DELHI (Yellow & Airport Line),05/03/2024,Electronics,28.6436415,77.2217373
BAG WITH,"BOOK,CHARGER,CLOTHES,REMOTE,LIGHT,MASSAGER",AIRPORT (T-3),05/03/2024,Bags,60.3187687,24.9681249
BLACK SLING BAG WITH,"CHARGER,CAP & BANDANA",AIRPORT (T-3),05/03/2024,Bags,60.3187687,24.9681249
BOTTLE,BOTTLE,AIRPORT (T-3),05/03/2024,Household Items,60.3187687,24.9681249
CARD HOLDER,"WITH CASH ,METRO CARD",RITHALA,05/03/2024,Documents,28.7208064,77.1071813
CARRY BAG,WITH LADIES SUIT,DWARKA MOR,05/03/2024,Bags,28.61931,77.0332792
POLY BAG,WITH MOBILE COVERS,AZADPUR,05/03/2024,Bags,28.7070448,77.1803722
WATER BOTTLE,STEEL WATER BOTTLE,TIS HAZARI,05/03/2024,Household Items,28.6671626,77.2166306
STEEL CONTAINER,STEEL CONTAINER,RAJIV CHOWK,05/03/2024,Miscellaneous,28.6327786,77.2196985
EARBUDS CASE,BLACK EARBUD CASE,DASHRATHPURI,05/03/2024,Electronics,28.6018751,77.0823561
BAG,"WITH APPLE LAPTOP ,ADOPTER ,METRO CARD ,CLOTH OF SATYAM SHARMA",UTTAM NAGAR WEST,05/03/2024,Bags,28.621757,77.0557122
HELMET,HELMET,SHAHDARA,05/03/2024,Household Items,28.6758661,77.29850777
PURSE,"WITH PAN CARD ,AADHAR,BANK CARDS OF DEEPAK KUMAR JHA",LAL QUILA,05/03/2024,Personal Accessories,28.657483,77.2366607
PURSE,"WITH CASH ,METRO CARD,BANK CARD OF RAGINI ARORA",BARAKHAMBA ROAD,04/03/2024,Personal Accessories,28.62747069,77.22904879
BAG WITH,"CLOTHES,CHARGER,LOCK & DOCUMENT OF JEETENDRA",SAMAYPUR BADLI,04/03/2024,Bags,28.7446411,77.1382701
BAG WITH,"PASSPORT,PAN,AADHAR,PASSBOOK & CHEQUE BOOK OF DINESH,ASIF,SITARAM & BUDHARAM",MILLENNIUM CITY CENTRE GURUGRAM,04/03/2024,Bags,28.4593429,77.0726571
PURSE,WITH FOREIGN CURRENCY VOTER ID OF DEEP JOT KAUR,DWARKA SECTOR - 21,04/03/2024,Personal Accessories,28.5519218,77.0585605
KEYS,BUNCH OF KEYS,SHIVAJI STADIUM,04/03/2024,Household Items,28.6288963,77.2113218
HAND BAG,WITH WHITE HOSPITAL CLOTHS,SHIVAJI STADIUM,04/03/2024,Bags,28.6288963,77.2113218
PAYAL,SILVER COLOR PAYAL,RAMESH NAGAR,04/03/2024,Miscellaneous,28.6527444,77.1316496
PURSE,"WITH AADHAR,PAN CARD,VOTER ID,BANK CARD OF AYUSH KUMAR PALAI",RAJOURI GARDEN,04/03/2024,Personal Accessories,28.6490563,77.1227198
POLYBAG WITH,"SHOES,TOP,KURTI & PANT",SAROJINI NAGAR,04/03/2024,Bags,28.575817,77.1980786
CARRY BAG WITH,CLOTH COVER & CELL,NANGLOI RAILWAY STATION,04/03/2024,Bags,28.6822009,77.0562463
BLACK WALLET HAVING,"AADHAR,DL,BANK CARD OF SURAN KONWAR",RAJIV CHOWK,04/03/2024,Personal Accessories,28.6327786,77.2196985
PASSPORT,OF CHAVI GUPTA,CENTRAL SECRETARIAT,04/03/2024,Documents,28.6158726,77.2123897
EARBUDS,BLACK EARBUDS,MANDI HOUSE,04/03/2024,Electronics,28.6255149,77.2341926
POLY BAG,WITH JEANS PANT,NOIDA SECTOR-18,04/03/2024,Bags,28.5707583,77.3260756
MOBILE,VIVO MOBILE,KIRTI NAGAR,04/03/2024,Electronics,28.6545409,77.1513605
LUNCH BAG,WITH 3 PLASTIC BOX & STEEL BOTTLE,KASHMERE GATE,04/03/2024,Bags,28.6668141,77.22905486
CURRENCY,CURRENCY,NEW DELHI (Yellow & Airport Line),03/03/2024,Miscellaneous,28.6436415,77.2217373
POLY BAG,CHUNNI,LAL QUILA,03/03/2024,Bags,28.657483,77.2366607
SHIRT,BLACK SHIRT,GREEN PARK,03/03/2024,Clothing,51.5066192,-0.1429113
BLACK PURSE,"WITH AADHAR CARD,FOREIGN CURRENCY OF HARSHIT KACHWAYA",DHANSA BUS STAND,03/03/2024,Personal Accessories,28.6119086,76.9785264
BAG,"WITH MOBILE CHARGER,POWER BANK,DATA CABLE",CHANDNI CHOWK,03/03/2024,Bags,28.6559834,77.2321937
SHOES,SHOES,LAL QUILA,03/03/2024,Clothing,28.657483,77.2366607
PURSE WITH,"VI,DL,CANTEEN CARD,BANK CARD,AADHAR OF KULDEEP SINGH",RAJIV CHOWK,03/03/2024,Personal Accessories,28.6327786,77.2196985
PANT,PANT,RAJIV CHOWK,03/03/2024,Miscellaneous,28.6327786,77.2196985
HEADPHONE,HEADPHONE,DELHI AEROCITY,03/03/2024,Electronics,28.5487786,77.1207949
BOTTLE,STEEL BOTTLE,RITHALA,03/03/2024,Household Items,28.7208064,77.1071813
UMBRELLA,BLUE UMBRELLA,VISHWAVIDYALAYA,02/03/2024,Personal Accessories,26.496489,80.267272
POLY BAG,"WITH TOWEL,LOWER",KAROL BAGH,02/03/2024,Bags,28.6529982,77.1890227
TROLLY BAG,EMPTY TROLLY BAG,GREATER KAILASH,02/03/2024,Bags,28.5419077,77.2384925
LUNCH BOX,BLUE LUNCH BOX,DWARKA SECTOR - 21,02/03/2024,Household Items,28.5519218,77.0585605
EARBUDS,BLACK EARBUDS,CHHATARPUR,02/03/2024,Electronics,,
BAG,"MOBILE , CHARGER , WALLET OF MUKHTAR AHAMAD",MOHAN NAGAR,02/03/2024,Bags,28.6785372,77.3840026
EMPTY EARBUD CASE,EMPTY EARBUD CHARGING CASE,NOIDA ELECTRONIC CITY,02/03/2024,Electronics,28.6282627,77.3750033
EARBUD,SINGLE EARBUD WITH CASE,ITO,02/03/2024,Electronics,34.9656621,139.101729
UMBRELLA,UMBRELLA,CHHATARPUR,02/03/2024,Personal Accessories,,
BAG,"WITH MIRRORS, COMB,HAIR OIL",RAMAKRISHNA ASHRAM MARG,02/03/2024,Bags,28.6392436,77.2085787
UMBRELLA,BLACK UMBRELLA,CHANDNI CHOWK,02/03/2024,Personal Accessories,28.6559834,77.2321937
EAR RING,EAR RING,BOTANICAL GARDEN,01/03/2024,Personal Accessories,55.84484725,37.63824367
BRACELET,BRACELET,SHAKURPUR,01/03/2024,Personal Accessories,28.6857668,77.1496094
JACKET,GREY JACKET,NEW DELHI (Yellow & Airport Line),01/03/2024,Clothing,28.6436415,77.2217373
SHOES,1 PAIR SHOES,VISHWAVIDYALAYA,01/03/2024,Clothing,26.496489,80.267272
BLAZER,GREY BLAZER,RITHALA,01/03/2024,Clothing,28.7208064,77.1071813
LADIES HAND BAG,AADHAR CARD PAN CARD ONE COIN OF MS. PRIYANKA,AIRPORT (T-3),01/03/2024,Bags,60.3187687,24.9681249
POLY BAG,"WITH MUFFLER ,SLIPPERS",RAMAKRISHNA ASHRAM MARG,01/03/2024,Bags,28.6392436,77.2085787
BRACELET,BRACELET,SAKET,01/03/2024,Personal Accessories,28.521168,77.2022237
WALLET,BANK CARDS OF MR. AMAN KUMAR,NANGLOI,01/03/2024,Personal Accessories,28.6862813,77.0573608
BOTTLE,STEEL BOTTLE,"ROHINI SECTOR - 18, 19",01/03/2024,Household Items,28.73635755,77.13563584
PURSE WITH,"AADHAR,PAN,BANK CARD OF PRIYANSHU NANDAN",RITHALA,29/02/2024,Personal Accessories,28.7208064,77.1071813
BAG,BLACK BAG WITH OLD CLOTHS,AIRPORT (T-3),29/02/2024,Bags,60.3187687,24.9681249
STEEL BOTTLE,STEEL BOTTLE,KASHMERE GATE,29/02/2024,Household Items,28.6668141,77.22905486
PENDRIVE,PENDRIVE,"ROHINI SECTOR - 18, 19",29/02/2024,Miscellaneous,28.73635755,77.13563584
SHOES,SHOES,RAJIV CHOWK,29/02/2024,Clothing,28.6327786,77.2196985
PURSE WITH,"AADHAR,RING OF KAJAL KUMARI",INDRAPRASTHA,29/02/2024,Personal Accessories,28.6206019,77.249551
WATCH,WATCH,DABRI MOR - JANAKPURI SOUTH,29/02/2024,Personal Accessories,28.61572,77.0851893
SHIRT,BLACK SHIRT,HAUZ KHAS,29/02/2024,Clothing,28.54980865,77.20776382
PAPER BAG,"SMALL HOOKAH , TOY",TERMINAL 1-IGI AIRPORT,29/02/2024,Bags,28.564835,77.1226566
BLUETOOTH EARPHONE,BLUETOOTH EARPHONE,DWARKA SECTOR - 8,29/02/2024,Electronics,28.5656109,77.0670366
LUNCH BAG,BLUE & YELLOW LUNCH BAG WITH BOTTLE,TIS HAZARI,28/02/2024,Bags,28.6671626,77.2166306
CARTOON,WITH CLAY STATUES,SAMAYPUR BADLI,28/02/2024,Miscellaneous,28.7446411,77.1382701
MOBILE,BLUE MOBILE COLOR,UDYOG NAGAR,28/02/2024,Electronics,28.681103,77.0808492
PURSE,"WITH BANK CARDS ,ID CARD OF RAMAN KUNDRA",KASHMERE GATE,28/02/2024,Personal Accessories,28.6668141,77.22905486
BAG,"BLUE BAG WITH CHARGER,BAG,PURSE,WATCH,NECKBAND, SUPPLEMENT,PEANUT BUTTER",AIRPORT (T-3),28/02/2024,Bags,60.3187687,24.9681249
POLY BAG,WITH 1 PAIR KID DRESS,SHASTRI PARK,28/02/2024,Bags,28.6684339,77.2505301
POLY BAG WITH,"TOP,SHOES,GOGGLES & EARBUD",JANPATH,28/02/2024,Bags,28.6240485,77.2192587
RING,RING,PRATAP NAGAR,28/02/2024,Personal Accessories,28.6667177,77.1988974
PURSE WITH,"CGHS CARD,EPF CARD & ATM OF DHARMVIR SINGH PAYAL",RAJIV CHOWK,28/02/2024,Personal Accessories,28.6327786,77.2196985
LADIES HANG BAG WITH,"AADHAR,PAN,VI,BANK CARD & CASH OF LOHRII ELOSHUA",GREEN PARK,28/02/2024,Bags,51.5066192,-0.1429113
HAND BAG,"WITH TIFFIN,BOTTLE ,ID CARD OF JYOTI SAINI",CHIRAG DELHI,28/02/2024,Bags,28.5381411,77.2280694
EARBUD,BLACK SINGLE EARBUD WITH CASE,SANT SURDAS (SIHI),28/02/2024,Electronics,28.3546659,77.31624739
LADIES WATCH,WATCH,MAYAPURI,28/02/2024,Personal Accessories,28.6371795,77.1297333
PAPER BAG,CLOTHES & SHOE,GURU TEG BAHADUR NAGAR,28/02/2024,Bags,31.3037081,75.5678851
LUNCH BOX,PLASTIC LUNCH BOX,NANGLOI RAILWAY STATION,28/02/2024,Household Items,28.6822009,77.0562463
ANKLET,SILVER COLOR ANKLET,TUGHLAKABAD STATION,27/02/2024,Personal Accessories,28.5034421,77.2970508
WATCH,WRIST WATCH,NEW DELHI (Yellow & Airport Line),27/02/2024,Personal Accessories,28.6436415,77.2217373
RED BAG,WITH CLOTHS,SHASTRI NAGAR,27/02/2024,Bags,28.6700885,77.1818589
BROWN BAG,"SHIRT,TIFFIN BOX",RAJENDRA PLACE,27/02/2024,Bags,28.6424955,77.1782756
HELMET,GREEN HELMET,MOHAN ESTATE,27/02/2024,Household Items,28.5195895,77.29458455
UMBRELLA,WHITE EARBUDS,AIRPORT (T-3),27/02/2024,Personal Accessories,60.3187687,24.9681249
EARBUDS,BLACK EARBUDS,SHALIMAR BAGH,27/02/2024,Electronics,34.14970725,74.87322796
PURSE,"WITH AADHAR ,SBI CARD ,CASH OF ABHIMANYU JAKHAR",CHIRAG DELHI,27/02/2024,Personal Accessories,28.5381411,77.2280694
BLUE LUNCH BOX,WITH STEEL & GLASS BOX,KASHMERE GATE,27/02/2024,Household Items,28.6668141,77.22905486
PAPER BAG,CLOTHES,MALVIYA NAGAR,27/02/2024,Bags,28.5339201,77.2124474
POLY BAG,"WITH KIDS FROCK ,WASTE PIPE",JAMA MASJID,27/02/2024,Bags,28.6506822,77.23296096
WAIST BAG,"TRIMMER , MOBILE , PENDRIVE CHARGER",AIRPORT (T-3),27/02/2024,Bags,60.3187687,24.9681249
UMBRELLA,RED UMBRELLA,YASHOBHOOMI DWARKA SECTOR  - 25,27/02/2024,Personal Accessories,28.5508323,77.0453073
CARRYBAG WITH,SWEAT SHIRT,RITHALA,27/02/2024,Bags,28.7208064,77.1071813
CAP,UP POLICE CAP,SAMAYPUR BADLI,26/02/2024,Clothing,28.7446411,77.1382701
BLACK TROLLEY BAG,WITH CLOTHS,SAMAYPUR BADLI,26/02/2024,Bags,28.7446411,77.1382701
UMBRELLA,BLACK & WHITE UMBRELLA,M.G. ROAD,26/02/2024,Personal Accessories,9.9833224,76.2824385
POLY BAG,"WITH PLAZO,DUPATTA ,HAND BAG,T SHIRT",SAROJINI NAGAR,26/02/2024,Bags,28.575817,77.1980786
BOTTLE,BLACK BOTTLE,TRILOKPURI-SANJAY LAKE,26/02/2024,Household Items,28.613453,77.3088549
BOTTLE,STEEL BOTTLE,ROHINI WEST,26/02/2024,Household Items,28.7149569,77.115385
POWER BANK,BLACK POWER BANK,SHALIMAR BAGH,26/02/2024,Electronics,34.14970725,74.87322796
LUNCH BOX,GREEN LUNCH BOX WITH 3 CONTAINERS,YASHOBHOOMI DWARKA SECTOR  - 25,26/02/2024,Household Items,28.5508323,77.0453073
LUNCH BOX,BLUE LUNCH BOX WITH 1 GLASS BOX,MAYAPURI,26/02/2024,Household Items,28.6371795,77.1297333
BOTTLE,STEEL BOTTLE,AIRPORT (T-3),26/02/2024,Household Items,60.3187687,24.9681249
EARBUDS,GREY EARBUDS,AIRPORT (T-3),26/02/2024,Electronics,60.3187687,24.9681249
JUTE BAG,WITH GLASS BOXES,DWARKA SECTOR - 14,26/02/2024,Bags,28.6022218,77.0259765
PURSE,"WITH METRO CARD ,AADHAR,BANK CARDS,DL,ID CARD OF PRERIT AGRAWAL",JANGPURA,26/02/2024,Personal Accessories,28.5830411,77.2393458
WATCH,CITIZEN WATCH,SECTOR - 62 NOIDA,26/02/2024,Personal Accessories,28.6211447,77.3643493
BLACK EARBUDS,BLACK EARBUDS,ESCORTS MUJESAR,26/02/2024,Electronics,28.3700785,77.31492287
CURRENCY,INDIAN CURRENCY,NEW DELHI (Yellow & Airport Line),26/02/2024,Miscellaneous,28.6436415,77.2217373
POLY BAG,"DECORATIVE PLATE & BOWL ,KOTAK BANK CARD",LAL QUILA,25/02/2024,Bags,28.657483,77.2366607
WATCH,HMT WATCH,RAJIV CHOWK,25/02/2024,Personal Accessories,28.6327786,77.2196985
POLY BAG,"WITH HAND BAG,KURTI,SKIRT,SANDL,PANT,T SHIRT",SAROJINI NAGAR,25/02/2024,Bags,28.575817,77.1980786
PAPER BAG,WITH BLUE T SHIRT,PUNJABI BAGH WEST,25/02/2024,Bags,28.6727671,77.1391976
HEADPHONE,HEADPHONE,GREATER KAILASH,25/02/2024,Electronics,28.5419077,77.2384925
POLY BAG,KURTI,JAMIA MILLIA ISLAMIA,25/02/2024,Bags,28.55849025,77.28116474
HAND PURSE,EMPTY HAND PURSE,ESCORTS MUJESAR,25/02/2024,Personal Accessories,28.3700785,77.31492287
SAMLE BOOK,DESIGN SAMPLE BOOK,TIS HAZARI,25/02/2024,Miscellaneous,28.6671626,77.2166306
BOTTLE,STEEL BOTTLE,MALVIYA NAGAR,25/02/2024,Household Items,28.5339201,77.2124474
PAPER BAG,"WITH HOSE PIPE ,BRA,LADIES TOP",DWARKA SECTOR - 8,25/02/2024,Bags,28.5656109,77.0670366
BAG,"LUNCH BOX , AADHAR CARD OF REKHA GIRI",JAHANGIRPURI,25/02/2024,Bags,28.7259717,77.162658
ZIPPER POUCH,SMART WATCH,NEW DELHI (Yellow & Airport Line),25/02/2024,Miscellaneous,28.6436415,77.2217373
POLY BAG,"LADY SUIT , EAR RING & ANKLET",SAROJINI NAGAR,24/02/2024,Bags,28.575817,77.1980786
CARRY BAG,"OLD CLOTHES , PAINT BRUSH ,COLOR BOTTLE, LUNCH BOX",RITHALA,24/02/2024,Bags,28.7208064,77.1071813
BAG,"WITH CHARGER,CLOTHS ,AADHAR OF KAUSHAL",NEW DELHI (Yellow & Airport Line),24/02/2024,Bags,28.6436415,77.2217373
COAT COVER,WITH CHECK BLAZER,DWARKA SECTOR - 21,24/02/2024,Clothing,28.5519218,77.0585605
HAIR BRUSH,HAIR BRUSH,NOIDA SECTOR-16,24/02/2024,Miscellaneous,28.578081,77.3177778
BAG,"WITH PAYAL,EARING ,DUPATTA",JAMA MASJID,24/02/2024,Bags,28.6506822,77.23296096
EARBUDS,BLACK EARBUDS,UTTAM NAGAR WEST,24/02/2024,Electronics,28.621757,77.0557122
HELMET,BLACK HELMET,KASHMERE GATE,24/02/2024,Household Items,28.6668141,77.22905486
BAG,"WITH CLOTHS,DOLCHI,PLASTIC BOTTLE",IFFCO CHOWK,24/02/2024,Bags,28.4723277,77.0724222
BLACK SINGLE EARBUD WITH CASE,BLACK SHOES,NOIDA SECTOR-15,24/02/2024,Electronics,28.5848835,77.3116118
PURSE,"WITH CASH,AADHAR,BANK CARD OF MADHU",RAMAKRISHNA ASHRAM MARG,24/02/2024,Personal Accessories,28.6392436,77.2085787
POLY BAG,OLD CLOTHES,RITHALA,23/02/2024,Bags,28.7208064,77.1071813
WATER BOTTLE,WATER BOTTLE,RITHALA,23/02/2024,Household Items,28.7208064,77.1071813
DELL BAG,"WITH CHARGER,NOTE BOOK",NETAJI SUBHASH PLACE,23/02/2024,Bags,28.69605175,77.15264041
POLY BAG,"WITH SUIT ,HAND PURSE",LAL QUILA,23/02/2024,Bags,28.657483,77.2366607
WATCH,HMT WATCH,RAJIV CHOWK,23/02/2024,Personal Accessories,28.6327786,77.2196985
VIOLET COLOR BAG,WITH CLOTHS,DWARKA SECTOR - 21,23/02/2024,Bags,28.5519218,77.0585605
CHINA ID,OF MD. SHARUOK SHAKKEER,AIRPORT (T-3),23/02/2024,Documents,60.3187687,24.9681249
HELMET,BLACK HELMET,NEW DELHI (Yellow & Airport Line),23/02/2024,Household Items,28.6436415,77.2217373
PANT,BLACK PANT,KASHMERE GATE,23/02/2024,Miscellaneous,28.6668141,77.22905486
BAG,"WITH 2 PAIR GUM BOOT ,1 PAIR SLIPPERS",KASHMERE GATE,23/02/2024,Bags,28.6668141,77.22905486
BLACK BAG,WITH OLD CLOTHS,SIKANDERPUR,23/02/2024,Bags,28.4812716,77.0930017
HAND BAG,"BAG WITH CLOTHES , TOOTHPASTE & TOOTHBRUSH",NEW DELHI (Yellow & Airport Line),22/02/2024,Bags,28.6436415,77.2217373
WATCH,SONATA WATCH,AIIMS,22/02/2024,Personal Accessories,28.5668602,77.2078058
BAG,"WITH LADIES TOP,LOWER,JACKET,T SHIRT",KAROL BAGH,22/02/2024,Bags,28.6529982,77.1890227
BAG,BLUE BAG WITH OLD CLOTHS,YASHOBHOOMI DWARKA SECTOR  - 25,22/02/2024,Bags,28.5508323,77.0453073
PURSE,"WITH AADHAR ,VOTER ID ,BANK CARDS,ALSTOM ID CARD OF MD. ASHRAT",YAMUNA BANK,22/02/2024,Personal Accessories,28.62325535,77.26786971
I PAD,I PAD,TILAK NAGAR,22/02/2024,Electronics,28.6365482,77.0964961
STANDEE,SMALL STANDEE,JANAKPURI WEST,22/02/2024,Electronics,28.6295839,77.078085
EARBUD,SINGLE EARBUD WITH CASE,BARAKHAMBA ROAD,22/02/2024,Electronics,28.62747069,77.22904879
METRO CARD,METRO CARD,RAJIV CHOWK,22/02/2024,Documents,28.6327786,77.2196985
CARRY BAG,WITH 3 BOOKS,OKHLA VIHAR,22/02/2024,Bags,28.5613002,77.2919304
EARBUDS,BLACK EARBUDS,SIKANDERPUR,22/02/2024,Electronics,28.4812716,77.0930017
BAG,WITH EDUCATIONAL DOCUMENTS OF VARUN KHANNA,NARAINA VIHAR,22/02/2024,Bags,28.6243852,77.1364438
LUNCH BOX & BOTTLE,TREO LUNCH BOX & BLACK BOTTLE,MILLENNIUM CITY CENTRE GURUGRAM,22/02/2024,Household Items,28.4593429,77.0726571
TROLLEY BAG,GREEN TROLLEY BAG WITH CLOTHS & KEYBOARD,MILLENNIUM CITY CENTRE GURUGRAM,22/02/2024,Bags,28.4593429,77.0726571
PURSE,"WITH VOTER ID,CASH,AADHAR,PAN CARD OF VISHESH RAJ ASSI",PRATAP NAGAR,22/02/2024,Personal Accessories,28.6667177,77.1988974
HAND PURSE WITH,DEBIT CARD & CASH,CHANDNI CHOWK,21/02/2024,Personal Accessories,28.6559834,77.2321937
RING,RING,RAJIV CHOWK,21/02/2024,Personal Accessories,28.6327786,77.2196985
EARBUD,EARBUD,KASHMERE GATE,21/02/2024,Electronics,28.6668141,77.22905486
BLACK HELMET,BLACK HELMET,RITHALA,21/02/2024,Household Items,28.7208064,77.1071813
BLUE LUNCH BOX,BLUE LUNCH BOX,JASOLA VIHAR SHAHEEN BAGH,21/02/2024,Household Items,28.5458279,77.2966578
LADIES PURSE WITH,"DEO , DETTOL & LIP BALM",JASOLA VIHAR SHAHEEN BAGH,21/02/2024,Personal Accessories,28.5458279,77.2966578
BLACK LUNCH BOX,BLACK LUNCH BOX,JASOLA VIHAR SHAHEEN BAGH,21/02/2024,Household Items,28.5458279,77.2966578
BLUE LUNCH BOX,BLUE LUNCH BOX,JASOLA VIHAR SHAHEEN BAGH,21/02/2024,Household Items,28.5458279,77.2966578
HAND BAG WITH,"TOWEL,SUIT,BLOUSE & SOCKS",LAL QUILA,21/02/2024,Bags,28.657483,77.2366607
GREEN PURSE WITH,AADHAR & CASH OF SHAMA PARVEEN,JAMIA MILLIA ISLAMIA,21/02/2024,Personal Accessories,28.55849025,77.28116474
EARBUD,EARBUD,UTTAM NAGAR EAST,21/02/2024,Electronics,28.6248465,77.0652861
BOTTLE,BOTTLE,NAWADA,21/02/2024,Household Items,24.8173249,85.51790847
HEADPHONE,HEADPHONE,JANPATH,21/02/2024,Electronics,28.6240485,77.2192587
BLACK BAG,HOODIE,TIS HAZARI,21/02/2024,Bags,28.6671626,77.2166306
PURSE,"WITH BANK CARD, AADHAR,VOTER ID PAN, CARD OF ASHUTOSH KUMAR SINGH",SUPREME COURT,21/02/2024,Personal Accessories,28.6216268,77.23908618
PURSE,"WITH BANK CARDS ,PAN CARD,DL,AADHAR OF NAVEEN KUMAR TANVER",SUPREME COURT,21/02/2024,Personal Accessories,28.6216268,77.23908618
PURSE,"WITH BANK CARD ,PAN CARD,DL AADHAR OF ARUN KUMAR",SUPREME COURT,21/02/2024,Personal Accessories,28.6216268,77.23908618
HELMET,WHITE HELMET,NEW DELHI (Yellow & Airport Line),20/02/2024,Household Items,28.6436415,77.2217373
BAG WITH,"CHARGER,EARPHONE,INCHTAPE,METRO CARD,PURSE & CASH OF SUBODH",ANAND VIHAR ISBT,20/02/2024,Bags,28.6467533,77.3180037
POLYBAG WITH,JUTTI,SAMAYPUR BADLI,20/02/2024,Bags,28.7446411,77.1382701
PURPLE PURSE WITH,ADHAR & CASH OF MADHU,RITHALA,20/02/2024,Personal Accessories,28.7208064,77.1071813
PURSE WITH,"AADHAR,METRO CARD,KEY & CASH",DWARKA SECTOR - 14,20/02/2024,Personal Accessories,28.6022218,77.0259765
CUTLERY STAND,CUTLERY STAND,EAST AZAD NAGAR,20/02/2024,Miscellaneous,28.6646764,77.2848431
BAG WITH,"OLD CLOTHE,CAP,SOCKS & LUNCH BOX",NEHRU ENCLAVE,20/02/2024,Bags,28.5460584,77.2515057
BAG WITH,SHOES & JUTE BAG,ARTHALA,20/02/2024,Bags,28.676999,77.3918919
UMBRELLA,UMBRELLA,MANDI HOUSE,20/02/2024,Personal Accessories,28.6255149,77.2341926
CARD HOLDER WITH,"PAN,AADHAR,RC,DL,ATM CARD, METRO CARD OF PRADEEP KUMAR",RAMAKRISHNA ASHRAM MARG,20/02/2024,Documents,28.6392436,77.2085787
BLACK BAG WITH,"USED CLOTHES,SOCKS,COSMETIC ITEMS,CHARGER & HEADPHONE",NOIDA SECTOR-18,20/02/2024,Bags,28.5707583,77.3260756
RING,RING,SECTOR - 62 NOIDA,20/02/2024,Personal Accessories,28.6211447,77.3643493
UMBRELLA,BLACK UMBRELLA,SHAHDARA,20/02/2024,Personal Accessories,28.6758661,77.29850777
BLACK BAG,"WITH JACKET,NECKBAND,CHARGER,EARBUDS",PANCHSHEEL PARK,20/02/2024,Bags,28.5423747,77.2210916
HELMET,RED HELMET,SIKANDERPUR,20/02/2024,Household Items,28.4812716,77.0930017
BAG,WITH 2 PAIR JUTI,SIKANDERPUR,20/02/2024,Bags,28.4812716,77.0930017
PURSE,"WITH CASH,TOE RING, AADHAR,PAN ,BANK CARD OF NEETI YADAV",GOLF COURSE,20/02/2024,Personal Accessories,28.5673755,77.3463247
WIRED EARPHONE,WHITE EARPHONE,RITHALA,19/02/2024,Electronics,28.7208064,77.1071813
DRAFTER,DRAFTER,IFFCO CHOWK,19/02/2024,Miscellaneous,28.4723277,77.0724222
BLUE BAG,"WITH COSMETICS,CAPRI,GOGGLES WITH COVER,SAMSUNG CHARGER,SLIPPERS ,HAT",NEW DELHI (Yellow & Airport Line),19/02/2024,Bags,28.6436415,77.2217373
RING,RING,SAKET,19/02/2024,Personal Accessories,28.521168,77.2022237
BOTTLE,STEEL BOTTLE,SAKET,19/02/2024,Household Items,28.521168,77.2022237
RING,RING,GURU DRONACHARYA,19/02/2024,Personal Accessories,28.48200425,77.10221882
BOTTLE,STEEL BOTTLE,GURU DRONACHARYA,19/02/2024,Household Items,28.48200425,77.10221882
POLY BAG,"WITH PANT,SHIRT,SUIT,SHIRTS,WINTER KURTI",RAJIV CHOWK,19/02/2024,Bags,28.6327786,77.2196985
SLING BAG,"WITH BASIC MOBILE,LOCKET,BRACELET,SWASTIKA,PNB PASSBOOK OF POOJA KAUR",TIS HAZARI,19/02/2024,Bags,28.6671626,77.2166306
HAND BAG,"WITH CAP,BOTTLE,TOWEL,TIFFIN,SCREWS BOX,CORNER PROTECTION",CHAWRI BAZAR,19/02/2024,Bags,28.65018033,77.2294614
WALL BRACKET,WALL BRACKET,LAL QUILA,19/02/2024,Miscellaneous,28.657483,77.2366607
BAG,"CLOTHS ,SLIPPERS ,MEDICINES","ROHINI SECTOR - 18, 19",19/02/2024,Bags,28.73635755,77.13563584
POLY BAG,T-SHIRTS,KAROL BAGH,19/02/2024,Bags,28.6529982,77.1890227
POLYBAG WITH,HORSE TOY & WATER BOTTLE,M.G. ROAD,19/02/2024,Bags,9.9833224,76.2824385
BLACK BAG WITH,NOTE BOOK,MALVIYA NAGAR,19/02/2024,Bags,28.5339201,77.2124474
RING,RING,GURU DRONACHARYA,19/02/2024,Personal Accessories,28.48200425,77.10221882
UNSTICHED SUIT,UNSTICHED SUIT,CHANDNI CHOWK,19/02/2024,Miscellaneous,28.6559834,77.2321937
JUTI,JUTI,CHANDNI CHOWK,19/02/2024,Miscellaneous,28.6559834,77.2321937
LADIES PURSE,LADIES PURSE,CHANDNI CHOWK,19/02/2024,Personal Accessories,28.6559834,77.2321937
SHOES & SLIPPER,SHOES & SLIPPER,LAL QUILA,19/02/2024,Clothing,28.657483,77.2366607
HAND BAG WITH,"CHARGER,DATA CABLE & PERFUME",M.G. ROAD,19/02/2024,Bags,9.9833224,76.2824385
BAG,"WITH PURSE ,CHARGER,SHAWL,CAP,AADHAR,PAN ,VOTER ID OF ROHIT SHARMA",M.G. ROAD,19/02/2024,Bags,9.9833224,76.2824385
NOISE EARBUD,NOISE EARBUD,PREET VIHAR,18/02/2024,Electronics,28.6414176,77.2952819
SHAWL,SHAWL,SHAHDARA,18/02/2024,Miscellaneous,28.6758661,77.29850777
POLYBAG WITH,"JEANS,TOP,TITAN WATCH,METRO CARD & CASH",SAROJINI NAGAR,18/02/2024,Bags,28.575817,77.1980786
BLACK BAG WITH,BOTTLE & CRPF ID OF BABLU KUMAR,SHIVAJI STADIUM,18/02/2024,Bags,28.6288963,77.2113218
CHEQUES,CANARA BANK CHEQUES OF SHALIN SINHA,LAXMI NAGAR,18/02/2024,Miscellaneous,6.8952194,93.8898315
ANKLET,ANKLET,R.K.PURAM,18/02/2024,Personal Accessories,28.5503805,77.1855231
SHOES,1 PAIR SHOES,UTTAM NAGAR EAST,18/02/2024,Clothing,28.6248465,77.0652861
WATER BOTTLE,WATER BOTTLE,RITHALA,18/02/2024,Household Items,28.7208064,77.1071813
ANKLET,ANKLET,SAKET,18/02/2024,Personal Accessories,28.521168,77.2022237
HAND BAG,"WITH PLASTIC TIFFIN,PLASTIC TIFFIN ,DUPATTA",LAJPAT NAGAR,18/02/2024,Bags,28.5660924,77.2432851
PAPER BAG,"WITH HELMET,CLOTHS,NAIL PAINT,BANGLES,EARRINGS",CHIRAG DELHI,18/02/2024,Bags,28.5381411,77.2280694
HAND BAG,"WITH CASH ,FOREIGN CURRENCY ,BANK CARDS ,DL,PAN CARD,AADHAR OF PREETI DIXIT",RAJOURI GARDEN,18/02/2024,Bags,28.6490563,77.1227198
POLYBAG WITH,JUTI,JAMA MASJID,18/02/2024,Bags,28.6506822,77.23296096
WATCH,BLACK WATCH,NIRMAN VIHAR,17/02/2024,Personal Accessories,28.6364592,77.2868145
STETHOSCOPE,STETHOSCOPE,MALVIYA NAGAR,17/02/2024,Electronics,28.5339201,77.2124474
OLD CLOCK,OLD CLOCK,SIKANDERPUR,17/02/2024,Miscellaneous,28.4812716,77.0930017
PAPER ROLL & WATER BOTTLE,PAPER ROLL & WATER BOTTLE,TIS HAZARI,17/02/2024,Household Items,28.6671626,77.2166306
EMPTY BAG,EMPTY BAG,JHANDEWALAN,17/02/2024,Bags,28.6443188,77.1999165
BAG,"BLACK BAG WITH RED TIFFIN,CLOTHS ,CHARGER",NEW DELHI (Yellow & Airport Line),17/02/2024,Bags,28.6436415,77.2217373
PURSE WITH METRO CARD & CASH,PURSE WITH METRO CARD & CASH,JAHANGIRPURI,17/02/2024,Documents,28.7259717,77.162658
CUSHION COVER,CUSHION COVER,SHASTRI PARK,17/02/2024,Clothing,28.6684339,77.2505301
HAND BAG WITH,"STEEL TIFFIN,WATER BOTTLE,CAP,CLOTHE,MEDICINE & ID OF SHILPA TAK",SHASTRI PARK,17/02/2024,Bags,28.6684339,77.2505301
POLY BAG,"WITH SALWAR ,SUIT ,UNDERGARMENT",LAL QUILA,17/02/2024,Bags,28.657483,77.2366607
LUNCH BOX,STEEL BOTTLE & LUNCH BOX,MILLENNIUM CITY CENTRE GURUGRAM,16/02/2024,Household Items,28.4593429,77.0726571
POLY BAG,DUPATTA,JAMA MASJID,16/02/2024,Bags,28.6506822,77.23296096
BROWN BAG,"LUNCH BOX , WATER BOTTLE & SPOON",SHAHDARA,16/02/2024,Bags,28.6758661,77.29850777
HAND BAG,WITH STEEL BOTTLE,HAUZ KHAS,16/02/2024,Bags,28.54980865,77.20776382
LAPTOP CHARGER,LAPTOP CHARGER,GURU DRONACHARYA,16/02/2024,Electronics,28.48200425,77.10221882
LUNCH BOX,BLACK LUNCH BOX,TILAK NAGAR,16/02/2024,Household Items,28.6365482,77.0964961
POLY BAG,WITH 2 BEDSHEET,NEW DELHI (Yellow & Airport Line),16/02/2024,Bags,28.6436415,77.2217373
POLY BAG WITH,SOLDERING IRON ELEMENTS,LAL QUILA,16/02/2024,Bags,28.657483,77.2366607
POLY BAG,WITH CHILDREN CLOTHS & SHOES,KAROL BAGH,16/02/2024,Bags,28.6529982,77.1890227
BLACK BAG,"WITH EARBUDS BLACK ,CHARGER ,WATCH CHARGER",CHANDNI CHOWK,16/02/2024,Bags,28.6559834,77.2321937
BLACK BAG,"WITH CHARGER ,CLOTHS,MEDICINES,DETTOL BOTTLE",RITHALA,16/02/2024,Bags,28.7208064,77.1071813
MOBILE,VIVO MOBILE,ROHINI WEST,16/02/2024,Electronics,28.7149569,77.115385
MOBILE & EARBUDS,MOBILE & EARBUDS,MALVIYA NAGAR,15/02/2024,Electronics,28.5339201,77.2124474
BAG,"WITH POWER BANK ,CHARGER,PANT ,SHIRT ,EARPHONE",INDERLOK,15/02/2024,Bags,28.6727066,77.1691872
POLY BAG,"WITH JACKET,PANT,CHARGER,WEDDING CARD",RITHALA,15/02/2024,Bags,28.7208064,77.1071813
POLY BAG,WITH 5 SAREE,RITHALA,15/02/2024,Bags,28.7208064,77.1071813
NECK BAND,SYSKA NECK BAND,RITHALA,15/02/2024,Miscellaneous,28.7208064,77.1071813
SAFETY JACKET & BATON STICK,SAFETY JACKET & BATON STICK,BRIG. HOSHIAR SINGH,15/02/2024,Clothing,28.6974603,76.9192027
BAG,"WITH STEEL BOTTLE,DIARY,LUNCH BOX,SPECTACLES",BRIG. HOSHIAR SINGH,15/02/2024,Bags,28.6974603,76.9192027
BUS PASS,HARYANA ROADWAYS PASS OF UMESH KUMAR GORAWA,BRIG. HOSHIAR SINGH,15/02/2024,Miscellaneous,28.6974603,76.9192027
CHARGER,LAPTOP CHARGER,DWARKA SECTOR - 21,15/02/2024,Electronics,28.5519218,77.0585605
BOTTLE,STEEL BOTTLE,LAL QUILA,15/02/2024,Household Items,28.657483,77.2366607
PURSE,"WITH METRO CARD ,AADHAR,BANK CARD,CASH OF RISHABH DIWAKAR",MOHAN NAGAR,15/02/2024,Personal Accessories,28.6785372,77.3840026
BAG,"WITH PURSE ,BANK CARD,AADHAR ,CASH ,CLOTHS OF MANJU",JAHANGIRPURI,15/02/2024,Bags,28.7259717,77.162658
BAG,"WITH GENTS SHAWL,RED TIFFIN,BOTTLE ,CAP",MOHAN NAGAR,15/02/2024,Bags,28.6785372,77.3840026
TIFFIN BAG,"TIFFIN BOX, SPOON, WATER BOTTLE",RAJIV CHOWK,15/02/2024,Bags,28.6327786,77.2196985
BAG,BLACK BAG WITH CLOTHS,KASHMERE GATE,15/02/2024,Bags,28.6668141,77.22905486
LUNCH BOX,BLACK LUNCH BOX WITH GLASS BOX,NEHRU ENCLAVE,15/02/2024,Household Items,28.5460584,77.2515057
PURSE,"WITH CASH ,FOREIGN CURRENCY ,ACCESS CARD KEY,NAAZ CARD",DWARKA SECTOR - 10,15/02/2024,Personal Accessories,28.5810577,77.0574996
BAG,"BLACK GREY BAG WITH KEYS ,TOWEL,WOOLEN CAP",AIRPORT (T-3),15/02/2024,Bags,60.3187687,24.9681249
METRO CARD,METRO CARD,RAJIV CHOWK,15/02/2024,Documents,28.6327786,77.2196985
LUNCH BOX,LUNCH BOX,GURU DRONACHARYA,15/02/2024,Household Items,28.48200425,77.10221882
BLACK BAG,"WITH CHARGER,SLIPPER",CHANDNI CHOWK,15/02/2024,Bags,28.6559834,77.2321937
LUNCH BOX,LUNCH BOX RED,SHASTRI PARK,14/02/2024,Household Items,28.6684339,77.2505301
LADIES PURSE,AADHAR CARDS OF SATENDER PRASAD & VANDANA DEVI,RAJA NAHAR SINGH (BALLABHGARH),14/02/2024,Personal Accessories,28.340002,77.3164509
POLY BAG,BABY CLOTHES,NEW DELHI (Yellow & Airport Line),14/02/2024,Bags,28.6436415,77.2217373
CASH,CASH INDIAN CURRENCY,NEW DELHI (Yellow & Airport Line),14/02/2024,Miscellaneous,28.6436415,77.2217373
BOWL,METALLIC BOWL,"ROHINI SECTOR - 18, 19",14/02/2024,Miscellaneous,28.73635755,77.13563584
COAT,LADIES COAT,DWARKA SECTOR - 21,14/02/2024,Clothing,28.5519218,77.0585605
KEY,SCOOTY KEY,RITHALA,14/02/2024,Household Items,28.7208064,77.1071813
BOTTLE,STEEL BOTTLE,RITHALA,14/02/2024,Household Items,28.7208064,77.1071813
POLYBAG,01 PAIR SHOE & CAPS,YASHOBHOOMI DWARKA SECTOR  - 25,14/02/2024,Bags,28.5508323,77.0453073
BLACK BAG,"CHARGER , KEYPAD , TIFFIN BOX",RAJIV CHOWK,14/02/2024,Bags,28.6327786,77.2196985
BANK CARD,BANK CARD OF HIMANI,RAJIV CHOWK,14/02/2024,Documents,28.6327786,77.2196985
EARBUDS,BOAT EARBUDS,ROHINI WEST,14/02/2024,Electronics,28.7149569,77.115385
BAG,"BLACK BAG WITH BELT,CAP,CHARGER,GLOVES ,EMPTY PURSE ,SUNGLASS",JAMA MASJID,14/02/2024,Bags,28.6506822,77.23296096
EARBUD,BLACK EARBUD ONLY,MUNIRKA,14/02/2024,Electronics,28.554886,77.1710841
PURSE,"WITH CASH,PAN,BANK CARDS OF PANKAJ SINGH",DHANSA BUS STAND,14/02/2024,Personal Accessories,28.6119086,76.9785264
ORNAMENT,,RAJIV CHOWK,13/02/2024,Miscellaneous,28.6327786,77.2196985
WATCH,LADY WATCH,ARJAN GARH,13/02/2024,Personal Accessories,28.4807352,77.1257622
MOBILE,MI MOBILE,DILLI HAAT - INA,13/02/2024,Electronics,28.5741591,77.2093306
LADIES PURSE,"ENO , METRO CARD , BINDI & CASH",ASHOK PARK MAIN,13/02/2024,Personal Accessories,28.6716045,77.155291
PAPER BAG,"WITH STEEL TIFFIN ,STEEL JAR",DWARKA SECTOR - 21,13/02/2024,Bags,28.5519218,77.0585605
BLACK BAG,"WITH SUIT PIECE,SAREE,PANT SHIRT PIECE,WOOLEN CAP,PANT ,SHIRT",DWARKA SECTOR - 21,13/02/2024,Bags,28.5519218,77.0585605
PURSE,"DL  ,PAN ,BANK CARD, CASH OF KOMALPREET KAUR",NEW DELHI (Yellow & Airport Line),13/02/2024,Personal Accessories,28.6436415,77.2217373
BAG,"WITH MEDICINE ,EARBUDS",KASHMERE GATE,13/02/2024,Bags,28.6668141,77.22905486
MOBILE,TECHNO MOBILE,DWARKA SECTOR - 9,13/02/2024,Electronics,28.574272,77.0653316
MIXER & JARS,MIXER & JARS,JANAKPURI WEST,13/02/2024,Miscellaneous,28.6295839,77.078085
WATCH,MAXIMA WATCH,SHADIPUR,13/02/2024,Personal Accessories,28.6515829,77.1582587
POLY BAG,CLOTH PIECE WITH BUTTON,YASHOBHOOMI DWARKA SECTOR  - 25,13/02/2024,Bags,28.5508323,77.0453073
PAPER BAG,SHOES & CLOTHES,RAJIV CHOWK,13/02/2024,Bags,28.6327786,77.2196985
POLY BAG,SPAC PNEUMATIC FRL UNIT,NOIDA ELECTRONIC CITY,13/02/2024,Bags,28.6282627,77.3750033
POLY BAG,BABY DIAPERS,NOIDA ELECTRONIC CITY,13/02/2024,Bags,28.6282627,77.3750033
BOX,WITH GAUZE SWAB,UTTAM NAGAR EAST,13/02/2024,Miscellaneous,28.6248465,77.0652861
POLY BAG,WITH GIRL FROCK,UTTAM NAGAR EAST,13/02/2024,Bags,28.6248465,77.0652861
POLY BAG,"WITH SWEATER,EAR COVER",RAJOURI GARDEN,13/02/2024,Bags,28.6490563,77.1227198
CASH,CASH,NEW DELHI (Yellow & Airport Line),12/02/2024,Miscellaneous,28.6436415,77.2217373
GREY BAG,ASUS LAPTOP EARBUD CHARGER,NEW DELHI (Yellow & Airport Line),12/02/2024,Bags,28.6436415,77.2217373
BLACK PURSE,DOCUMENTS OF SHUBHAM KUMAR,SAMAYPUR BADLI,12/02/2024,Personal Accessories,28.7446411,77.1382701
SIDE BAG,"TWO SET KURTA PAJAMA, TOOTHBRUSH, ONE NAIL CUTTER,TWO MOBILE CHARGER, SOCKS, GOGGLE",CHHATARPUR,12/02/2024,Bags,,
POLY BAG,"3 METRO CARD, AND CASH",CENTRAL SECRETARIAT,12/02/2024,Bags,28.6158726,77.2123897
SACK,"WHITE COLOUR SACK HAVING ONE USED KIDS BLANKET, TWO PAIR OF SLEEPER",DWARKA SECTOR - 21,12/02/2024,Miscellaneous,28.5519218,77.0585605
MOBILE,REDMI,KAUSHAMBI,12/02/2024,Electronics,25.5342456,81.44935674
BLUE BAG,"SAMSUNG MOBILE, POWER BANK(MI), OLD CLOTHES,ONE USED EMPTY DOCUMENT PLANNER",KASHMERE GATE,12/02/2024,Bags,28.6668141,77.22905486
WATCH,LADIES WATCH (VANHEUSEN),UTTAM NAGAR EAST,12/02/2024,Personal Accessories,28.6248465,77.0652861
SMART WATCH,BLACK COLOUR,RITHALA,12/02/2024,Personal Accessories,28.7208064,77.1071813
BAG,"BLACK BAG WITH WATCH STRAP,MUFFLER,KEY,PINK WALLET",TIS HAZARI,12/02/2024,Bags,28.6671626,77.2166306
WATCH,FASTRACK WATCH,TRILOKPURI-SANJAY LAKE,12/02/2024,Personal Accessories,28.613453,77.3088549
BAG,"BLACK BAG WITH JACKET,COAT,LOWER,SWEATER,T SHIRT ,MUFFLER",SHIV VIHAR,12/02/2024,Bags,28.6481226,77.05061239
LUNCH BOX,TRIO LUNCH BOX,GURU DRONACHARYA,12/02/2024,Household Items,28.48200425,77.10221882
POLY BAG,"WITH JUTI,SLIPPERS ,",CHANDNI CHOWK,12/02/2024,Bags,28.6559834,77.2321937
PURSE,"WITH CASH MERO CARD ,BANK CARD,AADHAR,VOTER ID OF NAMRATA SAHU",CHANDNI CHOWK,12/02/2024,Personal Accessories,28.6559834,77.2321937
LUNCH BAG,WITH 2 STEEL BOX,BARAKHAMBA ROAD,12/02/2024,Bags,28.62747069,77.22904879
BLACK BAG,"BABY JACKET , LADIES CLOTHES & MAKEUP ITEMS",MOHAN NAGAR,12/02/2024,Bags,28.6785372,77.3840026
PURSE,"WITH PAN,AADHAR,CASH ,DL,RC,METRO CARD ,BANK CARDS OF KRISHAN KUMAR MAHTO",NETAJI SUBHASH PLACE,12/02/2024,Personal Accessories,28.69605175,77.15264041
POLYBAG,POLYTHENE WITH OLD CLOTHES,RITHALA,11/02/2024,Bags,28.7208064,77.1071813
NECK BAND,GREEN COLOR NECKBAND,RITHALA,11/02/2024,Miscellaneous,28.7208064,77.1071813
GREY BAG,"PEN , DATA CABLE , COLLEGE I-CARD , QUESTION PAPERS OF TAIYABA",RITHALA,11/02/2024,Bags,28.7208064,77.1071813
BAG PACK,WITH CLOTHS & BANGLES,SAMAYPUR BADLI,11/02/2024,Bags,28.7446411,77.1382701
MOBILE,SAMSUNG MOBILE,IFFCO CHOWK,11/02/2024,Electronics,28.4723277,77.0724222
PURSE,"WITH BANK CARD ,AADHAR,PAN CARD,DL OF MADHVI SINGH",CHHATARPUR,11/02/2024,Personal Accessories,,
CARD HOLDER,"WITH DL ,BANK CARD OF AAKASH PANWAR",MOHAN NAGAR,11/02/2024,Documents,28.6785372,77.3840026
BAG,"WITH JEANS ,LAPTOP CHARGER,TIFFINS,EARBUDS",DWARKA SECTOR - 21,11/02/2024,Bags,28.5519218,77.0585605
POLY BAG,"WITH DUPATTA ,TOWEL,WIND CHEATER ,BABY JACKET,SLIPPERS",JAMA MASJID,11/02/2024,Bags,28.6506822,77.23296096
LED CLOCK,LED CLOCK,PATEL NAGAR,11/02/2024,Electronics,28.6450127,77.1692817
BLUE BAG,"EARBUD , LUNCH BOX , WATER BOTTLE , CHARGER BANK PASSBOOK OF SHASHI KANT",NEW DELHI (Yellow & Airport Line),11/02/2024,Bags,28.6436415,77.2217373
JACKET,BLACK AND GREEN,AIRPORT (T-3),11/02/2024,Clothing,60.3187687,24.9681249
"BLANKET, BELT",USED,AIRPORT (T-3),11/02/2024,Clothing,60.3187687,24.9681249
"LADIES HAND BAG, SUN GLASSES, KIDS TOYS","BLACK AND WHITE COLOUR LADIES HAND BAG,",LAL QUILA,11/02/2024,Bags,28.657483,77.2366607
"CLOTHES, AND SLIPPER","KAURTI ,PLAZO, LADIES SLIPPER",LAJPAT NAGAR,11/02/2024,Clothing,28.5660924,77.2432851
WAIST BAG,"CHARGER ,EARPHONE",TILAK NAGAR,11/02/2024,Bags,28.6365482,77.0964961
BAG,WITH JACKET,DWARKA SECTOR - 21,10/02/2024,Bags,28.5519218,77.0585605
RED TROLLY BAG,WITH CLOTHS,NOIDA ELECTRONIC CITY,10/02/2024,Bags,28.6282627,77.3750033
SLING BAG,WITH COSMETICS,DELHI CANTT.,10/02/2024,Bags,28.6117094,77.1156635
SMALL BAG,"WITH CHILD CLOTHS ,CAP,SOCKS",NEW DELHI (Yellow & Airport Line),10/02/2024,Bags,28.6436415,77.2217373
EARBUDS,TRUKE EARBUDS,NETAJI SUBHASH PLACE,10/02/2024,Electronics,28.69605175,77.15264041
SHOES,SPORTS SHOE,LAL QUILA,10/02/2024,Clothing,28.657483,77.2366607
POLY BAG,"WITH INNER,LOWER,PANT,BRA,NIGHTY,HAND BAG",SAROJINI NAGAR,10/02/2024,Bags,28.575817,77.1980786
LUNCH BAG,"WITH PLASTIC BOXES ,STEEL SPOON",NOIDA SECTOR-15,10/02/2024,Bags,28.5848835,77.3116118
BROWN PURSE,"WITH SBI CARD,METRO CARD",BOTANICAL GARDEN,10/02/2024,Personal Accessories,55.84484725,37.63824367
EARBUDS,WHITE EARBUDS,UTTAM NAGAR WEST,10/02/2024,Electronics,28.621757,77.0557122
METRO CARD,METRO CARD,RAJIV CHOWK,10/02/2024,Documents,28.6327786,77.2196985
POLY BAG,"WITH TOYS, CASH ,ODONIL,OIL S-3",DHAULA KUAN,10/02/2024,Bags,28.5918719,77.1617158
LADY HAND BAG,HAND BAG WITH KEY,HAUZ KHAS,10/02/2024,Bags,28.54980865,77.20776382
BLACK BAG,MOBILE & OLD CLOTHES,MILLENNIUM CITY CENTRE GURUGRAM,10/02/2024,Bags,28.4593429,77.0726571
SLEEPING BAG,GREEN SLEEPING BAG,LOK KALYAN MARG,09/02/2024,Bags,28.5973513,77.2110967
GREY BAG,WITH CLOTHS,JANAKPURI WEST,09/02/2024,Bags,28.6295839,77.078085
PURSE,"BANK CARD,DL ,METRO CARD OF RAJIV KAPOOR",KASHMERE GATE,09/02/2024,Personal Accessories,28.6668141,77.22905486
EARBUDS,BOAT EARBUDS,DWARKA MOR,09/02/2024,Electronics,28.61931,77.0332792
HAND BAG,EMPTY HAND BAG,TILAK NAGAR,09/02/2024,Bags,28.6365482,77.0964961
BOTTLE,STEEL BOTTLE,TILAK NAGAR,09/02/2024,Household Items,28.6365482,77.0964961
POLY BAG,WITH CARPET,DWARKA MOR,09/02/2024,Bags,28.61931,77.0332792
UMBRELLA,UMBRELLA,GREEN PARK,09/02/2024,Personal Accessories,51.5066192,-0.1429113
EARBUDS,OPPO EARBUDS,DELHI CANTT.,09/02/2024,Electronics,28.6117094,77.1156635
BOTTLE,STEEL BOTTLE,HAIDERPUR BADLI MOR,09/02/2024,Household Items,28.7299398,77.1491044
SHOES,WHITE SHOES,TAGORE GARDEN,09/02/2024,Clothing,28.6437639,77.1128454
POLY BAG,WITH LADIES SLIPPERS,UTTAM NAGAR EAST,09/02/2024,Bags,28.6248465,77.0652861
BLUE BAG,"CLOTHES , CHEQUEBOOK , BOTTLE OF SONU KUMAR",SHASTRI PARK,09/02/2024,Bags,28.6684339,77.2505301
JACKET,GREEN JACKET,RAJIV CHOWK,09/02/2024,Clothing,28.6327786,77.2196985
CPU COVER,CPU OUTER COVER,TUGHLAKABAD STATION,09/02/2024,Miscellaneous,28.5034421,77.2970508
BLUE BAG,"WITH PANT ,SHIRT,INNER",SHIV VIHAR,09/02/2024,Bags,28.6481226,77.05061239
BAG,GREEN BAG WITH CLOTHS,DWARKA SECTOR - 10,08/02/2024,Bags,28.5810577,77.0574996
SPECTACLE,SPECTACLES WITH COVER,GREEN PARK,08/02/2024,Miscellaneous,51.5066192,-0.1429113
HAND BAG,BLACK HANDBAG WITH CASH & COMB,RITHALA,08/02/2024,Bags,28.7208064,77.1071813
BOTTLE,STEEL BOTTLE,NOIDA ELECTRONIC CITY,08/02/2024,Household Items,28.6282627,77.3750033
SUN GLASSES,SUNGLASSES WITH COVER,AIRPORT (T-3),08/02/2024,Personal Accessories,60.3187687,24.9681249
BLACK TROLLEY BAG,"WITH CLOTHS ,PERFUME",AIRPORT (T-3),08/02/2024,Bags,60.3187687,24.9681249
HELMET,BLACK HELMET,CHHATARPUR,08/02/2024,Household Items,,
GREY BAG,"OLD CLOTHES , CHEQUE BOOK OF MOHD. MUNNA",MILLENNIUM CITY CENTRE GURUGRAM,08/02/2024,Bags,28.4593429,77.0726571
TROPHY,TROPHY OF QUALITY COUNCIL OF INDIA,SUPREME COURT,08/02/2024,Miscellaneous,28.6216268,77.23908618
JUTE BAG,"WITH LUNCH BOX,GLASS BOTTLE ,HAND TOWEL",CENTRAL SECRETARIAT,07/02/2024,Bags,28.6158726,77.2123897
LUNCH BOX,LUNCH BOX,RAMAKRISHNA ASHRAM MARG,07/02/2024,Household Items,28.6392436,77.2085787
BAG,BAG WITH CASH,RAMAKRISHNA ASHRAM MARG,07/02/2024,Bags,28.6392436,77.2085787
POLY BAG,"WITH JEANS,TABLE CLOTH,BABY SHOES",JAMA MASJID,07/02/2024,Bags,28.6506822,77.23296096
RED TROLLY BAG,"WITH CLOTHS ,LUNCH BOX,JUTI",NEW DELHI (Yellow & Airport Line),07/02/2024,Bags,28.6436415,77.2217373
BLANKET,BLANKET,NEW DELHI (Yellow & Airport Line),07/02/2024,Clothing,28.6436415,77.2217373
PURSE,"WITH BANK CARD,VOTER ID,PAN CARD ,METRO CARD ,AADHAR OF SUNNY",RAJIV CHOWK,07/02/2024,Personal Accessories,28.6327786,77.2196985
SAREE,SAREE,MAYUR VIHAR -I,07/02/2024,Miscellaneous,28.6036425,77.2909319
BLACK BAG,"WITHASUS LAPTOP,MOBILE CHARGER,COSMETICS,SHOES,PURSE",SIKANDERPUR,07/02/2024,Bags,28.4812716,77.0930017
HELMET,BLACK HELMET,PUNJABI BAGH WEST,07/02/2024,Household Items,28.6727671,77.1391976
BLACK BAG,"WITH SAREE,BANGLES BOX",KASHMERE GATE,07/02/2024,Bags,28.6668141,77.22905486
POLY BAG,HOODIE,DWARKA,07/02/2024,Bags,22.2424747,68.9671448
LUNCH BOX,GREY LUNCH BOX,SAMAYPUR BADLI,07/02/2024,Household Items,28.7446411,77.1382701
OMNI CARD,ONE OMNI CARD,NEW DELHI (Yellow & Airport Line),07/02/2024,Documents,28.6436415,77.2217373
PURSE,"WITH BANK CARD, CSD CARD ,STAR HEALTH CARD OF AKANKSHA GROVER & ANJU GROVER",RAJIV CHOWK,07/02/2024,Personal Accessories,28.6327786,77.2196985
METRO CARD,METRO CARD,RAJIV CHOWK,07/02/2024,Documents,28.6327786,77.2196985
POLY BAG,BLUE POLY BAG WITH HAND PURSES,VISHWAVIDYALAYA,07/02/2024,Bags,26.496489,80.267272
COOKER & GHEE,PRESSURE COOKER & GHEE,JANAKPURI WEST,07/02/2024,Miscellaneous,28.6295839,77.078085
BOTTLE,STEEL BOTTLE,IFFCO CHOWK,06/02/2024,Household Items,28.4723277,77.0724222
BAG,"BLACK BAG WITH PLATIC BOX ,STEEL BOX,PAPER FILE,PENS ,PENCILS",SAMAYPUR BADLI,06/02/2024,Bags,28.7446411,77.1382701
BOTTLE,GLASS BOTTLE,MALVIYA NAGAR,06/02/2024,Household Items,28.5339201,77.2124474
BAG,"BLACK BAG WITH SOAP,CHARGER,CLOTHS",NEW DELHI (Yellow & Airport Line),06/02/2024,Bags,28.6436415,77.2217373
BAG,BROWN BAG WITH OLD CLOTHES,RAJ BAGH,06/02/2024,Bags,28.6770876,77.3468279
SLING BAG,"WITH CHARGER,PASSPORT OF MD. SHAHBAZ",AIRPORT (T-3),06/02/2024,Bags,60.3187687,24.9681249
BOTTLE,WATER BOTTLE,RAJENDRA PLACE,06/02/2024,Household Items,28.6424955,77.1782756
UMBRELLA,WHITE UMBRELLA,SIKANDERPUR,06/02/2024,Personal Accessories,28.4812716,77.0930017
BAG,"WITH WATER HEATER ,CLOTHS CHEQUE BOOK OF PRADEEP SINGH CHAUHAN",SECTOR - 52 NOIDA,06/02/2024,Bags,28.5885198,77.36890648
POLY BAG,"WITH JACKET,HAIR DRYER",SECTOR - 52 NOIDA,06/02/2024,Bags,28.5885198,77.36890648
BOTTLE,STEEL BOTTLE,MILLENNIUM CITY CENTRE GURUGRAM,05/02/2024,Household Items,28.4593429,77.0726571
UMBRELLA,PURPLE UMBRELLA,MILLENNIUM CITY CENTRE GURUGRAM,05/02/2024,Personal Accessories,28.4593429,77.0726571
SHOES,BLACK SHOES,MILLENNIUM CITY CENTRE GURUGRAM,05/02/2024,Clothing,28.4593429,77.0726571
HAND BAG,"WITH PLASTIC BOTTLE,TOWEL,BELT,COSMETICS,ANKLET",NEW DELHI (Yellow & Airport Line),05/02/2024,Bags,28.6436415,77.2217373
PURSE,"WITH METRO CARD,COMB,AADHAR OF SHRISTI PATHAK",YASHOBHOOMI DWARKA SECTOR  - 25,05/02/2024,Personal Accessories,28.5508323,77.0453073
BAG,"WITH BOOKS ,PENCIL BOX",YASHOBHOOMI DWARKA SECTOR  - 25,05/02/2024,Bags,28.5508323,77.0453073
POWER BANK,WHITE POWER BANK,SHIVAJI STADIUM,05/02/2024,Electronics,28.6288963,77.2113218
CARRY BAG,"WITH WHITE JACKET,BLACK CAP",SHIVAJI STADIUM,05/02/2024,Bags,28.6288963,77.2113218
TATTOO MAKING MACHINE KIT,TATTOO MAKING MACHINE KIT,DELHI AEROCITY,05/02/2024,Miscellaneous,28.5487786,77.1207949
BOTTLE,BLACK BOTTLE,DELHI AEROCITY,05/02/2024,Household Items,28.5487786,77.1207949
CARRY BAG,WITH SPORTS SHOES,MAJLIS PARK,05/02/2024,Bags,28.7244312,77.181964
KNEE CAP,KNEE CAP,KASHMERE GATE,05/02/2024,Clothing,28.6668141,77.22905486
BAG,"BLACK BAG WITH STEEL TIFFIN,CHARGER,SMALL POUCH WITH COSMETICS",GREEN PARK,05/02/2024,Bags,51.5066192,-0.1429113
BLACK HAND BAG,"WITH REDMI MOBILE ,MEDICAL CARD ,PLASTIC BOTTLE OF JYOTI",RAJOURI GARDEN,05/02/2024,Bags,28.6490563,77.1227198
BLACK BAG,"WITH CLOTHS ,SLIPPERS ,SHAWL ,BEDSHEET OF AMRESH YADAV",UTTAM NAGAR WEST,05/02/2024,Bags,28.621757,77.0557122
BAG,"WITH TOWELS,SHIRTS,PANT, INNER WEAR",JANAKPURI EAST,05/02/2024,Bags,28.633027,77.086709
BAG,OLD BLANKET & CLOTHES,NEW DELHI (Yellow & Airport Line),04/02/2024,Bags,28.6436415,77.2217373
METRO CARD,METRO CARD,RAJIV CHOWK,04/02/2024,Documents,28.6327786,77.2196985
EMPTY BAG,BLACK BOTTLE,RAJIV CHOWK,04/02/2024,Bags,28.6327786,77.2196985
UMBRELLA,UMBRELLA,NOIDA ELECTRONIC CITY,04/02/2024,Personal Accessories,28.6282627,77.3750033
BLANKET,BLACK BLANKET,SUBHASH NAGAR,04/02/2024,Clothing,28.6404628,77.1052347
MOBILE,LAVA MOBILE,MILLENNIUM CITY CENTRE GURUGRAM,04/02/2024,Electronics,28.4593429,77.0726571
LUNCH BAG & SHAWL,"LUNCH BAG WITH PLASTIC CONTAINERS ,SPOON & GREEN SHAWL",SHAHDARA,04/02/2024,Bags,28.6758661,77.29850777
POLY BAG,"WITH HAND PURSE,SANDLE,RUBBER BAND ,HAND BAG",SAROJINI NAGAR,04/02/2024,Bags,28.575817,77.1980786
POLY BAG,"WITH LOWER ,WOOLEN CAP,SOCKS,UMBRELLA",SAROJINI NAGAR,04/02/2024,Bags,28.575817,77.1980786
POLY BAG,"WITH GLOVES,KURTA PYJAMA,SUNGLASSES",LAL QUILA,04/02/2024,Bags,28.657483,77.2366607
TOYS,CARS AND RUBBER TOY,UDYOG BHAWAN,03/02/2024,Miscellaneous,28.612527,77.2122895
BOTTLE,STEEL BOTTLE,RAJIV CHOWK,03/02/2024,Household Items,28.6327786,77.2196985
LUNCH BAG,"WITH 2 JAR ,STEEL BOTTLE",RITHALA,03/02/2024,Bags,28.7208064,77.1071813
BAG,"WITH CHARGER, DENIM SHIRT,PURSE ,COMB",RITHALA,03/02/2024,Bags,28.7208064,77.1071813
MOBILE,SAMSUNG MOBILE,RITHALA,03/02/2024,Electronics,28.7208064,77.1071813
PURSE,"WITH BANK CARD ,AADHAR OF RASHID",SHASTRI PARK,03/02/2024,Personal Accessories,28.6684339,77.2505301
PURSE,"WITH AADHAR,PAN CARD VOTER ID OF NEERAJ KUMAR SHARMA",MAYUR VIHAR -I,03/02/2024,Personal Accessories,28.6036425,77.2909319
ORNAMENT & CLOTHES,CHAIN & TSHIRT,CHANDNI CHOWK,03/02/2024,Clothing,28.6559834,77.2321937
WRIST WATCH,MAN,UTTAM NAGAR WEST,03/02/2024,Personal Accessories,28.621757,77.0557122
WHITE POLY BAG,"COLGATE, SOAP, ANTISCEPTIC LIQUID, TOOTH BRUSH, WATER BAG",UTTAM NAGAR EAST,03/02/2024,Bags,28.6248465,77.0652861
WHITE POLY BAG,"PHOTE FRAME, T-SHIRT, MUFFLER & CERTIFICATE OF VARDAN ARORA",DHANSA BUS STAND,03/02/2024,Bags,28.6119086,76.9785264
BAG,SHAVING KIT PEN CREAM KNEE CAP ICE BAG,BADARPUR BORDER,03/02/2024,Bags,28.493283,77.30336567
UMBRELLA,RED UMBRELLA,ROHINI EAST,03/02/2024,Personal Accessories,28.7076609,77.1259664
BOOK -ATOMIC HABITS,BOOK -ATOMIC HABITS,AIRPORT (T-3),03/02/2024,Miscellaneous,60.3187687,24.9681249
WATER BOTTLE,BLACK WATER BOTTLE,AIRPORT (T-3),03/02/2024,Household Items,60.3187687,24.9681249
EARBUDS,WHITE EARBUDS WITH CASE,VISHWAVIDYALAYA,03/02/2024,Electronics,26.496489,80.267272
NCMC CARD,PAYTM CARD,DELHI GATE,03/02/2024,Documents,28.6392211,77.2408097
LUNCH BOX,WITH SPOON.4 CONTAINERS,CENTRAL SECRETARIAT,03/02/2024,Household Items,28.6158726,77.2123897
MOBILE,NOKIA MOBILE,CENTRAL SECRETARIAT,03/02/2024,Electronics,28.6158726,77.2123897
BOTTLE,BLACK BOTTLE,CENTRAL SECRETARIAT,03/02/2024,Household Items,28.6158726,77.2123897
BAG,WITH 2 OVERCOAT,RAJIV CHOWK,03/02/2024,Bags,28.6327786,77.2196985
POLY BAG,"WITH T SHIRT,GIRL TOP",JAMA MASJID,03/02/2024,Bags,28.6506822,77.23296096
KEY,CAR KEY,MAYAPURI,03/02/2024,Household Items,28.6371795,77.1297333
BOTTLE,STEEL BOTTLE,IFFCO CHOWK,03/02/2024,Household Items,28.4723277,77.0724222
BAG,"WITH CHARGER ,CLOTHS,PURSE,CASH ,CHAIN BANK CARDS OF SUNITA & MANJU MONDAL",CHANDNI CHOWK,02/02/2024,Bags,28.6559834,77.2321937
JACKET,GREEN JACKET,NEW DELHI (Yellow & Airport Line),02/02/2024,Clothing,28.6436415,77.2217373
LUNCH BAG,"WITH BOTTLE,TIFFIN",MILLENNIUM CITY CENTRE GURUGRAM,02/02/2024,Bags,28.4593429,77.0726571
CARRY BAG,"WHITE RED CARRY BAG WITH OLD CLOTHS ,SLIPPERS",SAMAYPUR BADLI,02/02/2024,Bags,28.7446411,77.1382701
CARRY BAG,WITH WHITE PANT & PLASTIC CONTAINER,SAMAYPUR BADLI,02/02/2024,Bags,28.7446411,77.1382701
PAINT MIXTURE,PAINT MIXTURE,SAMAYPUR BADLI,02/02/2024,Miscellaneous,28.7446411,77.1382701
JUTE BAG,TIFFIN BOX AND CLOTHES,BRIG. HOSHIAR SINGH,02/02/2024,Bags,28.6974603,76.9192027
MOBILE,SAMSUNG,LOK KALYAN MARG,02/02/2024,Electronics,28.5973513,77.2110967
CLOTH,SWEATER & INNER,SAROJINI NAGAR,02/02/2024,Clothing,28.575817,77.1980786
BLACK LADIES HAND BAG,"MOBILE COVER, CHARGER, RING, EARRING, CASH",SAROJINI NAGAR,02/02/2024,Bags,28.575817,77.1980786
RED BAG,"USED CLOTHES, CHARGER",AIRPORT (T-3),02/02/2024,Bags,60.3187687,24.9681249
BLACK BAG,"PERFUME,WALLET WITH CARD OF ANAND B, SUNGLESSES, MOBILE CHARGER",AIRPORT (T-3),02/02/2024,Bags,60.3187687,24.9681249
SLING BAG,"MOBILE CHARGER, SUNGLASSES, WALLET",AIRPORT (T-3),02/02/2024,Bags,60.3187687,24.9681249
BLANKET,USED BLANKET,AIRPORT (T-3),02/02/2024,Clothing,60.3187687,24.9681249
RACK,DVR RACK,SHALIMAR BAGH,02/02/2024,Miscellaneous,34.14970725,74.87322796
BAG,BLUE BAG WITH NOTEBOOK,JAHANGIRPURI,02/02/2024,Bags,28.7259717,77.162658
EARBUDS CASE,ONE PLUS EARBUDS CASE,SECTOR - 62 NOIDA,02/02/2024,Electronics,28.6211447,77.3643493
T SHIRT,TSHIRT & CASH,KASHMERE GATE,02/02/2024,Clothing,28.6668141,77.22905486
WRIST WATCH,LADIES,DWARKA MOR,02/02/2024,Personal Accessories,28.61931,77.0332792
BEDSHEET,WHITE BEDSHEET,NAWADA,02/02/2024,Clothing,24.8173249,85.51790847
WHITE POLY BAG,LADIES SANDAL & EARPHONE,JANAKPURI WEST,02/02/2024,Bags,28.6295839,77.078085
POLYBAG,GAS TOASTER SHIRT LADY JACKET SANDLE,KAROL BAGH,01/02/2024,Bags,28.6529982,77.1890227
WALLET,GENTS WALLET METRO CARD CASH,GREEN PARK,01/02/2024,Personal Accessories,51.5066192,-0.1429113
BOTTLE,STEEL BOTTLE,VISHWAVIDYALAYA,01/02/2024,Household Items,26.496489,80.267272
MOBILE,SAMSUNG BASIC MOBILE,UTTAM NAGAR EAST,01/02/2024,Electronics,28.6248465,77.0652861
BAG,EMPTY BAG,UTTAM NAGAR EAST,01/02/2024,Bags,28.6248465,77.0652861
BAG,WITH LADIES SUITS,NEW DELHI (Yellow & Airport Line),01/02/2024,Bags,28.6436415,77.2217373
BOTTLE,STEEL BOTTLE,AIRPORT (T-3),01/02/2024,Household Items,60.3187687,24.9681249
BAG,"WITH BLACK SUIT,GREY LEGGING",SAMAYPUR BADLI,01/02/2024,Bags,28.7446411,77.1382701
BOTTLE & UMBRELLA,BLACK BOTTLE & BLACK UMBRELLA,MILLENNIUM CITY CENTRE GURUGRAM,01/02/2024,Household Items,28.4593429,77.0726571
UMBRELLA,UMBRELLA,LAL QUILA,01/02/2024,Personal Accessories,28.657483,77.2366607
LADIES CLOTHE,"COAT, FROCK, TOP, KURTI",SAROJINI NAGAR,01/02/2024,Clothing,28.575817,77.1980786
TRIPOD,BLACK TRIPOD,RITHALA,01/02/2024,Electronics,28.7208064,77.1071813
ANKLET,ANKLET SILVER COLOR,VISHWAVIDYALAYA,31/01/2024,Personal Accessories,26.496489,80.267272
PAYAL,SILVER COLOUR PAYAL,CHHATARPUR,31/01/2024,Miscellaneous,,
POLY BAG,LADIES UNSTITCHED CLOTH PIECE,ROHINI WEST,31/01/2024,Bags,28.7149569,77.115385
CASH,CASH,NEW DELHI (Yellow & Airport Line),31/01/2024,Miscellaneous,28.6436415,77.2217373
NCMC CARD,PAYTM NCMC CARD,RAJIV CHOWK,31/01/2024,Documents,28.6327786,77.2196985
BOTTLE,STEEL BOTTLE,MILLENNIUM CITY CENTRE GURUGRAM,31/01/2024,Household Items,28.4593429,77.0726571
LUNCH BAG,"WITH PLASTIC BOX,NECKBAND",GURU DRONACHARYA,31/01/2024,Bags,28.48200425,77.10221882
PURSE,"WITH AADHAR ,PAN CARD,BANK CARDS,CASH,NPS CARD OF RAKESH KUMAR",DILLI HAAT - INA,31/01/2024,Personal Accessories,28.5741591,77.2093306
BAG,"WITH BOOKS ,PENS,CASH OF MAYANK KUMAR MEENA",KAROL BAGH,31/01/2024,Bags,28.6529982,77.1890227
POLY BAG,VACUUM FLASK SET,INDRAPRASTHA,31/01/2024,Bags,28.6206019,77.249551
LUNCH BAG,WITH RED TIFFIN & TRANSPARENT  BOX,UTTAM NAGAR EAST,31/01/2024,Bags,28.6248465,77.0652861
POLY BAG,WITH RAPID TEST BOXES,LAL QUILA,31/01/2024,Bags,28.657483,77.2366607
MOBILE,VIVO MOBILE,IFFCO CHOWK,31/01/2024,Electronics,28.4723277,77.0724222
BOTTLE,BLACK BOTTLE,SAMAYPUR BADLI,30/01/2024,Household Items,28.7446411,77.1382701
EARBUD,BLACK EARBUD,RITHALA,30/01/2024,Electronics,28.7208064,77.1071813
PURSE,"WITH AADHAR CARD,BANK CARD ,CASH OF SHIKHA SRIVASHAVA",MALVIYA NAGAR,30/01/2024,Personal Accessories,28.5339201,77.2124474
LUNCH BOX,STEEL LUNCH BOX,SEELAMPUR,30/01/2024,Household Items,28.6698165,77.2668137
CARRY BAG,WITH LADIES SUIT,SHAHDARA,30/01/2024,Bags,28.6758661,77.29850777
MRI REPORT,OF RITU SINGH,NOIDA ELECTRONIC CITY,30/01/2024,Miscellaneous,28.6282627,77.3750033
X RAY,OF AMIT KUMAR,NOIDA ELECTRONIC CITY,30/01/2024,Miscellaneous,28.6282627,77.3750033
PURSE,"LADIES PURSE WITH CASH ,BANK CARD",UDYOG NAGAR,30/01/2024,Personal Accessories,28.681103,77.0808492
EARBUDS,WHITE EARBUDS,UTTAM NAGAR EAST,30/01/2024,Electronics,28.6248465,77.0652861
LADY SUITS,LADY SUITS,AZADPUR,29/01/2024,Clothing,28.7070448,77.1803722
HAND BAG,"MOBILE CHARGER , EARBUD , MEDICINE , ORNAMENTS OF MS. SUNITA SHARMA",MANDI HOUSE,29/01/2024,Bags,28.6255149,77.2341926
RING,SILVER COLOUR RING,UTTAM NAGAR EAST,29/01/2024,Personal Accessories,28.6248465,77.0652861
EARBUDS,EARBUDS WITH CHARGING CASE,KARKARDUMA,29/01/2024,Electronics,28.6483176,77.3055178
PAPER BAG HAVING CLOTHES,BLAZER AND T SHIRT,RAJIV CHOWK,29/01/2024,Bags,28.6327786,77.2196985
CLOTHS,SHIRT,RAJIV CHOWK,29/01/2024,Clothing,28.6327786,77.2196985
CLOTHE,BLACK SHIRT,RAJIV CHOWK,29/01/2024,Clothing,28.6327786,77.2196985
EARBUD,BLACK,VISHWAVIDYALAYA,29/01/2024,Electronics,26.496489,80.267272
BAG,CLOTHES,DWARKA SECTOR - 21,29/01/2024,Bags,28.5519218,77.0585605
BAG WITH CLOTHES,THREE OLD CLOTHES AND A BLANKET,KASHMERE GATE,29/01/2024,Bags,28.6668141,77.22905486
JUTE BAG,TWO LUNCH BOX AND ONE PAIR OLD SLIPPER,KASHMERE GATE,29/01/2024,Bags,28.6668141,77.22905486
WATCH,POCKET WATCH,DABRI MOR - JANAKPURI SOUTH,29/01/2024,Personal Accessories,28.61572,77.0851893
CARRY BAG,"WITH MALA ,MEMORY CARD ,AADHAR CARD,CASH  OF HARADHAN DAS",KASHMERE GATE,29/01/2024,Bags,28.6668141,77.22905486
POLYBAG,PERFUME PEN LADY PURSE,RAMAKRISHNA ASHRAM MARG,29/01/2024,Bags,28.6392436,77.2085787
BAG,"WITH CLOTHS ,EDUCATIONAL DOCUMENTS ,CLOTHS OF HEMRAJ",BATA CHOWK,29/01/2024,Bags,28.38594425,77.31343425
SLING BAG,"WITH MOBILE PHONE,USB LIGHT,CASH",MILLENNIUM CITY CENTRE GURUGRAM,29/01/2024,Bags,28.4593429,77.0726571
HAND BAG,"WITH CLOTHS ,SLIPPERS,SHAVING KIT",SHASTRI NAGAR,29/01/2024,Bags,28.6700885,77.1818589
JUTI,1 PAIR JUIT,CHANDNI CHOWK,29/01/2024,Miscellaneous,28.6559834,77.2321937
BAG,EMPTY BAG,LAL QUILA,29/01/2024,Bags,28.657483,77.2366607
POLY BAG,WITH LOWER,KAROL BAGH,29/01/2024,Bags,28.6529982,77.1890227
MOBILE,NOKIA MOBILE,UDYOG NAGAR,28/01/2024,Electronics,28.681103,77.0808492
MOBILE,I-PHONE,M.G. ROAD,28/01/2024,Electronics,9.9833224,76.2824385
HELMET,BLACK HELMET,SECTOR - 62 NOIDA,28/01/2024,Household Items,28.6211447,77.3643493
POLY BAG,WITH JACKET,NARAINA VIHAR,28/01/2024,Bags,28.6243852,77.1364438
MOBILE,SMART MOBILE,LAXMI NAGAR,28/01/2024,Electronics,6.8952194,93.8898315
SLIPPERS & TIFFIN,SLIPPERS & TIFFIN,LAL QUILA,28/01/2024,Clothing,28.657483,77.2366607
BAG,"WITH BLANKET ,ADOPTER ,LED BULB PARTS",NEW DELHI (Yellow & Airport Line),27/01/2024,Bags,28.6436415,77.2217373
BAG,"WITH CHARGER,EARBUDS,MOBILE,CLOTHS,,SHOES,SLIPPERS ,BOOKS",NEW DELHI (Yellow & Airport Line),27/01/2024,Bags,28.6436415,77.2217373
POLY BAG,"WITH RAZORS,SCISSORS,GAS LIGHTER",NEW DELHI (Yellow & Airport Line),27/01/2024,Bags,28.6436415,77.2217373
CARRY BAG,"WITH CLOTHS,SLIPPERS,MEDICINES,TIFFIN OF GEETA MISHRA",NEW DELHI (Yellow & Airport Line),27/01/2024,Bags,28.6436415,77.2217373
PURSE,"WITH BANK CARDS,PAN CARD,DL,AADHAR OF SHATRUDHAN",SUPREME COURT,27/01/2024,Personal Accessories,28.6216268,77.23908618
SLING BAG,"WITH CHARGER ,SUNGLASS",UTTAM NAGAR WEST,27/01/2024,Bags,28.621757,77.0557122
BAG,"WITH MOBILE,CAP,GLOVES",CHANDNI CHOWK,27/01/2024,Bags,28.6559834,77.2321937
POLYBAG,CLOTHES & PNEUMATIC TEE,SAROJINI NAGAR,27/01/2024,Bags,28.575817,77.1980786
BAG,EMPTY BAG,NEHRU ENCLAVE,27/01/2024,Bags,28.5460584,77.2515057
POLY BAG,WITH DHOTI & GAMCHHA,PULBANGASH,27/01/2024,Bags,28.664396,77.212246
POLY BAG,WITH SOCKS,TILAK NAGAR,27/01/2024,Bags,28.6365482,77.0964961
TROLLEY BAG,WITH CLOTHS,GOLF COURSE,27/01/2024,Bags,28.5673755,77.3463247
BAG,"WITH HEADPHONE,WIRE PROTECTOR",LAL QUILA,27/01/2024,Bags,28.657483,77.2366607
BAG,"WITH CAP ,TOWEL,SLIPPERS,DATA CABLE",LAL QUILA,27/01/2024,Bags,28.657483,77.2366607
RING & CHAIN,RING & CHAIN,DWARKA SECTOR - 14,26/01/2024,Personal Accessories,28.6022218,77.0259765
POLY BAG,"WITH HAND BAG,SHIRT",NEW DELHI (Yellow & Airport Line),26/01/2024,Bags,28.6436415,77.2217373
TROLLEY BAG,"WITH BLANKET,SHAWL,WATCH,SHOES,CLOTHS ,SWEATER,HAIR DRYER",GURU TEG BAHADUR NAGAR,26/01/2024,Bags,31.3037081,75.5678851
POLY POUCH,"WITH CASH ,METRO CARD",RAJIV CHOWK,26/01/2024,Miscellaneous,28.6327786,77.2196985
POLY BAG,WITH JEANS,RAJIV CHOWK,26/01/2024,Bags,28.6327786,77.2196985
LADY SHOES,LADY SHOES,RAJIV CHOWK,26/01/2024,Clothing,28.6327786,77.2196985
BAG,"WITH DATA CABLE,ADOPTERS,BEDSHEET",AIRPORT (T-3),26/01/2024,Bags,60.3187687,24.9681249
BAG,"BLUE BAG WITH LUNCH BOX,KEY",SAKET,26/01/2024,Bags,28.521168,77.2022237
POLY BAG,"WITH SOCKS,PORTABLE PHONE",JAMA MASJID,26/01/2024,Bags,28.6506822,77.23296096
KEYS,CAR KEYS,SHIV VIHAR,26/01/2024,Household Items,28.6481226,77.05061239
CARRY BAG,WITH GREEN SAREE,DWARKA SECTOR - 10,26/01/2024,Bags,28.5810577,77.0574996
BAG,DUFFLE BAG WITH OLD CLOTHES,SULTANPUR,26/01/2024,Bags,26.26047315,82.23805321
BLACK CLOTH BAG,"WITH PILLOW,QUILT,DAT CABLE,KEYS",MANDI HOUSE,26/01/2024,Bags,28.6255149,77.2341926
BOTTLE,STEEL BOTTLE,ROHINI WEST,25/01/2024,Household Items,28.7149569,77.115385
WATER BOTTLE,BLACK WATER BOTTLE,SHIVAJI STADIUM,25/01/2024,Household Items,28.6288963,77.2113218
BLANKET,BLANKET,SAMAYPUR BADLI,25/01/2024,Clothing,28.7446411,77.1382701
POLY BAG,WITH BLANKET,SAMAYPUR BADLI,25/01/2024,Bags,28.7446411,77.1382701
WHITE  CARRY BAG,WITH OLD CLOTHS & SOCKS,SAMAYPUR BADLI,25/01/2024,Bags,28.7446411,77.1382701
BAG,"BLUE GARY BAG WITH OLD CLOTHS ,SOCKS,WATCH,CHARGER,SHOES,IRON",SAMAYPUR BADLI,25/01/2024,Bags,28.7446411,77.1382701
BAG,EMPTY BAG,NEHRU ENCLAVE,25/01/2024,Bags,28.5460584,77.2515057
BOTTLE,STEEL BOTTLE,GURU DRONACHARYA,25/01/2024,Household Items,28.48200425,77.10221882
SHAWL,SHAWL,JANPATH,25/01/2024,Miscellaneous,28.6240485,77.2192587
BAG,BLUE BAG WITH CLOTHES,SHALIMAR BAGH,25/01/2024,Bags,34.14970725,74.87322796
SHEET HOLDER,SHEET HOLDER,MAYAPURI,25/01/2024,Miscellaneous,28.6371795,77.1297333
POLY BAG,WITH BLACK BLAZER,JHANDEWALAN,25/01/2024,Bags,28.6443188,77.1999165
BOTTLE,STEEL BOTTLE,LAJPAT NAGAR,25/01/2024,Household Items,28.5660924,77.2432851
BAG,"WITH HP LAPTOP WITH CHARGER,BASIC MOBILE ,TIFFIN ,EARPHONE",MILLENNIUM CITY CENTRE GURUGRAM,25/01/2024,Bags,28.4593429,77.0726571
EARBUDS,BLACK EARBUDS,JANPATH,24/01/2024,Electronics,28.6240485,77.2192587
PURSE,"WITH CASH,PAN CARD,DL,RC,BANK CARD ,METRO CARD,CSD CARD OF VIKAS",RAJIV CHOWK,24/01/2024,Personal Accessories,28.6327786,77.2196985
BLACK PURSE,BANK CARDS PAN CARD AADHAR METRO CARD OF MR. AVNISH PANDEY,IFFCO CHOWK,24/01/2024,Personal Accessories,28.4723277,77.0724222
HELMET,BLACK HELMET,M.G. ROAD,24/01/2024,Household Items,9.9833224,76.2824385
PAPER BAG,WITH SAREE,M.G. ROAD,24/01/2024,Bags,9.9833224,76.2824385
CHAIN,CHAIN,MAUJPUR-BABARPUR,23/01/2024,Personal Accessories,28.6920781,77.2796973
LUNCH BAG,TIFFIN,RITHALA,23/01/2024,Bags,28.7208064,77.1071813
EARBUD,EARBUD WHITE,MAJOR MOHIT SHARMA RAJENDRA NAGAR,23/01/2024,Electronics,28.6776112,77.3581426
HELMET,BLACK HELMET,MUNIRKA,23/01/2024,Household Items,28.554886,77.1710841
BAG,"BLACK BAG WITH OLD CLOTJHS ,BLANKET",KASHMERE GATE,23/01/2024,Bags,28.6668141,77.22905486
RING,SILVER COLOR RING,MADIPUR,23/01/2024,Personal Accessories,28.6764752,77.1193599
SAFETY STICK,,MOTI NAGAR,23/01/2024,Miscellaneous,28.657859,77.1424288
HAND BAG,WITH JACKET,JANAKPURI EAST,23/01/2024,Bags,28.633027,77.086709
POLY BAG,"WITH T SHIRT,CHURA",RAJIV CHOWK,23/01/2024,Bags,28.6327786,77.2196985
HELMET,BLACK HELMET,SHIVAJI STADIUM,23/01/2024,Household Items,28.6288963,77.2113218
POLY BAG,"WITH SWEATER,BRA,PANTY",KAROL BAGH,23/01/2024,Bags,28.6529982,77.1890227
EARBUDS,EARBUDS,VISHWAVIDYALAYA,23/01/2024,Electronics,26.496489,80.267272
CHIAN,CHIAN,CHANDNI CHOWK,23/01/2024,Miscellaneous,28.6559834,77.2321937
BLACK SLING BAG,WITH KEYS,KASHMERE GATE,22/01/2024,Bags,28.6668141,77.22905486
HAND BAG,"WITH PRINTED SHIRT,SWEATER",SAROJINI NAGAR,22/01/2024,Bags,28.575817,77.1980786
BAG,"WITH CLOTHS,ORIENTAL BANK OF COMMERCE CARD",DWARKA,22/01/2024,Bags,22.2424747,68.9671448
BAG,"WITH CLOTHS ,EARBUDS ,AADHAR OF PANKAJ VISHWAKARMA",IFFCO CHOWK,22/01/2024,Bags,28.4723277,77.0724222
POLY BAG,"MASK , UROBAG & MALE CATH",BAHADURGARH CITY,22/01/2024,Bags,28.6907783,76.9354807
LUNCH BOX,BLACK LUNCH BOX WITH 2 BOX,SAMAYPUR BADLI,22/01/2024,Household Items,28.7446411,77.1382701
MEDICAL REPORT,OF MAYA DEVI,SAMAYPUR BADLI,22/01/2024,Documents,28.7446411,77.1382701
BAG,GREY BAG WITH OLD CLOTHS,DWARKA SECTOR - 21,22/01/2024,Bags,28.5519218,77.0585605
CARRY BAG,WITH 3 SHIRTS,NARAINA VIHAR,22/01/2024,Bags,28.6243852,77.1364438
LUNCH BOX,BLUE LUNCH BOX,GURU DRONACHARYA,22/01/2024,Household Items,28.48200425,77.10221882
BAG,"WITH LENOVO LAPTOP,LAPTOP CHARGER,,MOBILE ADOPTER ,HARD DISK,SPECTACLES ID CARD OF H KORAW NGANBA SINGHA",GURU TEG BAHADUR NAGAR,22/01/2024,Bags,31.3037081,75.5678851
SLEEPING BAG,BLUE SLEEPING BAG,NEW DELHI (Yellow & Airport Line),22/01/2024,Bags,28.6436415,77.2217373
BAG,WITH WOOLEN CLOTHS,SAMAYPUR BADLI,22/01/2024,Bags,28.7446411,77.1382701
JACKET,BLUE JACKET,SAMAYPUR BADLI,22/01/2024,Clothing,28.7446411,77.1382701
POLY BAG,"WITH TOWEL,SLIPPERS",JANPATH,22/01/2024,Bags,28.6240485,77.2192587
BOTTLE,STEEL BOTTLE,AIRPORT (T-3),21/01/2024,Household Items,60.3187687,24.9681249
POLY BAG,"JACKET,PANT BLACK",AIRPORT (T-3),21/01/2024,Bags,60.3187687,24.9681249
EARBUDS CASE,BOAT EARBUD CASE,DWARKA SECTOR - 10,21/01/2024,Electronics,28.5810577,77.0574996
BAG,"WITH CHARGER,STEEL BOTTLE ,BEDSHEET",DHANSA BUS STAND,21/01/2024,Bags,28.6119086,76.9785264
CARRY BAG,WITH BABY CLOTHS,WELCOME,21/01/2024,Bags,35.90913685,-80.25407274
BAG,"WITH CLOTHS AADHAR ,DL COPY,SHOES ,BOTTLE OF SHIVANG SHARMA",SARAI KALE KHAN - NIZAMUDDIN,21/01/2024,Bags,28.5887494,77.2572494
MANGALSHUTRA,MANGALSHUTRA,KOHAT ENCLAVE,21/01/2024,Miscellaneous,28.6980415,77.1405393
SLEEPING BAG,SLEEPING BAG,NEW DELHI (Yellow & Airport Line),21/01/2024,Bags,28.6436415,77.2217373
POLY BAG,WITH LADY JACKET,DWARKA SECTOR - 21,21/01/2024,Bags,28.5519218,77.0585605
BAG,"SMALL BAG WITH CHARGER ,CLOTHS",DWARKA SECTOR - 21,21/01/2024,Bags,28.5519218,77.0585605
LUNCH BOX,LUNCH BOX WITH 2 TIFFIN,DWARKA SECTOR - 21,21/01/2024,Household Items,28.5519218,77.0585605
PURSE,"WITH BANK CARDS,AADHAR,METRO CARD ,CASH OF ATUL KUMAR",MUNIRKA,21/01/2024,Personal Accessories,28.554886,77.1710841
HAND BAG,"WITH BLUE BLANKET ,RED SHAWL",PUNJABI BAGH WEST,21/01/2024,Bags,28.6727671,77.1391976
BLAZER,GREEN BLAZER,SHAKURPUR,21/01/2024,Clothing,28.6857668,77.1496094
POLY BAG,"WITH SWEATER ,SOCKS,VEST,JACKET",SAROJINI NAGAR,21/01/2024,Bags,28.575817,77.1980786
WATCH,DIGITAL WATCH WITH CHARGER,NOIDA ELECTRONIC CITY,21/01/2024,Personal Accessories,28.6282627,77.3750033
LUNCH BOX,LUNCH BAG WITH PLASTIC BOX,KASHMERE GATE,21/01/2024,Household Items,28.6668141,77.22905486
BLANKET,BLANKET WITH CLOTHS PIECES,KASHMERE GATE,21/01/2024,Clothing,28.6668141,77.22905486
BAG,"WITH PLASTIC BOTTLE,PENS,",SAMAYPUR BADLI,21/01/2024,Bags,28.7446411,77.1382701
POLY BAG,"PANT,,JACKET",JAMA MASJID,21/01/2024,Bags,28.6506822,77.23296096
HAND BAG,EMPTY HAND BAG,JANAKPURI WEST,20/01/2024,Bags,28.6295839,77.078085
LUNCH BOX,TWO CONTAINER,RAMAKRISHNA ASHRAM MARG,20/01/2024,Household Items,28.6392436,77.2085787
JEANS,BLACK,RAMAKRISHNA ASHRAM MARG,20/01/2024,Clothing,28.6392436,77.2085787
SLING BAG,"GREEN BLACK SLING BAG WITH NECK BAND ,MIRROR ,CASH",DHANSA BUS STAND,20/01/2024,Bags,28.6119086,76.9785264
POLY BAG,WITH JACKETS,NARAINA VIHAR,20/01/2024,Bags,28.6243852,77.1364438
BAG,"WITH IPAD,MEDICINES, PENS ,DIARY,CHARGER",DWARKA SECTOR - 21,20/01/2024,Bags,28.5519218,77.0585605
POLY BAG,WITH 5 DUPATTA & 4 CHUNRI,CHANDNI CHOWK,20/01/2024,Bags,28.6559834,77.2321937
BAG,BAG WITH HALL TICKET OF BRAHAM PRAKASH,MAYAPURI,20/01/2024,Bags,28.6371795,77.1297333
CARRY BAG,"WITH KURTA ,PAYJAMA,BLOUSE",DWARKA SECTOR - 21,20/01/2024,Bags,28.5519218,77.0585605
MOBILE,BLUE MOBILE,SARAI KALE KHAN - NIZAMUDDIN,20/01/2024,Electronics,28.5887494,77.2572494
BOTTLE,COPPER BOTTLE,AIRPORT (T-3),20/01/2024,Household Items,60.3187687,24.9681249
BAG,"SMALL BAG WITH MOBILE COVERS,OLIVE OIL,EARBUDS,ADOPTERS,EARPHONE ,CASH",AIRPORT (T-3),20/01/2024,Bags,60.3187687,24.9681249
BAG,"WITH SELFI STICK ,ADOPTER",AIRPORT (T-3),20/01/2024,Bags,60.3187687,24.9681249
BAG,"CLOTHES, TOOTHPASTE AND BRUSH",NEW DELHI (Yellow & Airport Line),19/01/2024,Bags,28.6436415,77.2217373
CLOTHES,LADIES,KASHMERE GATE,19/01/2024,Clothing,28.6668141,77.22905486
HELMET,BLACK HELMET,BARAKHAMBA ROAD,19/01/2024,Household Items,28.62747069,77.22904879
WATCH,FOSSIL WATCH,BARAKHAMBA ROAD,19/01/2024,Personal Accessories,28.62747069,77.22904879
CARRY BAG,"RED CARRY BAG WITH STEEL BOTTLE ,STEEL GLASS ,LUNCH BOX",SHASTRI PARK,19/01/2024,Bags,28.6684339,77.2505301
HAND BAG,"SEATER,CAP,SHAWL,DATA CABLE,GLASS POT",RITHALA,19/01/2024,Bags,28.7208064,77.1071813
LUNCH BOX,,LAL QUILA,19/01/2024,Household Items,28.657483,77.2366607
BAG,"SMALL PURSE HAVING AADHAR CARD MISHTI GULERIA, CLOTHES, WATER BOTTLE, HAIR DRIER, ETC",RAJIV CHOWK,19/01/2024,Bags,28.6327786,77.2196985
BAG,"SBI PASSBOOK(MEERA), USED SHAWL, COSMETIC ITEMS, WATER BOTTLE, CHARGING ADAPTER",AIRPORT (T-3),19/01/2024,Bags,60.3187687,24.9681249
PASSPORT,NEPAL( TAMANG),AIRPORT (T-3),19/01/2024,Documents,60.3187687,24.9681249
BAG,"BLUE BAG WITH HAND BAG ,SMALL BOXES,BANK QR CODE, PAN ,BANK CARD,CASH,CLOTHS ,SUN GLASS OF IRSHAD AHMAD",DWARKA MOR,19/01/2024,Bags,28.61931,77.0332792
JUTE BAG,"WITH CAP,LUNCH BOX",DWARKA SECTOR - 21,19/01/2024,Bags,28.5519218,77.0585605
PAPER BAG,WITH 3 TIFFIN,DWARKA SECTOR - 21,19/01/2024,Bags,28.5519218,77.0585605
EARBUDS,WHITE EARBUDS,OKHLA VIHAR,19/01/2024,Electronics,28.5613002,77.2919304
PURSE,"WITH RING,AADHAR,BANK CARD ,CASH OF ABIHA ASHAR",OKHLA VIHAR,19/01/2024,Personal Accessories,28.5613002,77.2919304
CASH,CASH,NEW DELHI (Yellow & Airport Line),19/01/2024,Miscellaneous,28.6436415,77.2217373
BAG,"BAG WITH SMART WATCH, SOX, FOOTMAT, JACKET & CAP",RITHALA,18/01/2024,Bags,28.7208064,77.1071813
WATCH,MALE WRIST WATCH,ROHINI WEST,18/01/2024,Personal Accessories,28.7149569,77.115385
BAG,"BAG WITH SAREE ,SWEATER, COSMETIC ITEM, CASH & PANCARD OF ABHAY SINGH",RAJA NAHAR SINGH (BALLABHGARH),18/01/2024,Bags,28.340002,77.3164509
BAG,"BLACK HP BAG WITH SAMSUNG MOBILE ,MOBILE CHARGER ,POWER BANK ,PLASTIC BOTTLE,CLOTHS",SAROJINI NAGAR,18/01/2024,Bags,28.575817,77.1980786
POLY BAG,"WITH SWEATER ,MUFFLER,BLACK JEANS,BRA,KURTI",SAROJINI NAGAR,18/01/2024,Bags,28.575817,77.1980786
BLACK BAG,"BAG WITH CHARGER ,PURSE, EMPTY CHARGING CASE, AND CASH",HAUZ KHAS,18/01/2024,Bags,28.54980865,77.20776382
POLY BAG,"WITH JACKET,INNER ,LOWER",DELHI GATE,18/01/2024,Bags,28.6392211,77.2408097
PURSE & BOTTLE,"PURSE WITH BANK CARDS, VOTER ID, CASH ,AADHAR OF DEEPLATA & STEEL BOTTLE",JLN STADIUM,18/01/2024,Household Items,9.99719035,76.30083562
BAG,"WITH TRIMMER,WATCH,METRO CARD,ID CARD OF RAHUL VERMA",DWARKA SECTOR - 9,18/01/2024,Bags,28.574272,77.0653316
PURSE,"WITH PAN,AADHAR,DL,BANK CARDS, CASH OF DEEP SINGH",DWARKA SECTOR - 14,18/01/2024,Personal Accessories,28.6022218,77.0259765
SHOES,1 PAIR BLACK SHOES,KASHMERE GATE,18/01/2024,Clothing,28.6668141,77.22905486
BAG,CLOTHES AND CHARGER,RAJIV CHOWK,18/01/2024,Bags,28.6327786,77.2196985
BAG,"CLOTHES, AADHAR CARD(AVINASH SHANKAR), SPECTACLE WITHCOVER",AIRPORT (T-3),18/01/2024,Bags,60.3187687,24.9681249
PURSE,"WITH AADHAR CARD ,METRO CARD BANK CARD CASH OF DIVYANSHU DWIVEDI",DWARKA MOR,18/01/2024,Personal Accessories,28.61931,77.0332792
POUCH,"WITH SPECTACLES,EARPHONE",JHILMIL,18/01/2024,Miscellaneous,28.6757197,77.3123949
BAG,STEEL CONTAINER AND COSMETIC ITEM,NEW DELHI (Yellow & Airport Line),17/01/2024,Bags,28.6436415,77.2217373
EARPHONE,PINK COLOUR,SECTOR - 52 NOIDA,17/01/2024,Electronics,28.5885198,77.36890648
BAG,"HAND GLOVES, MOBILE CHARGER,LOCK,PENDRIVE",NEW DELHI (Yellow & Airport Line),17/01/2024,Bags,28.6436415,77.2217373
BLACK BAG,"WITH CHEQUE BOOK,EDUCATIONAL DOCUMENTS ,VOTER ID CLOTHS OF JAY PRAKASH NARAYAN",DWARKA SECTOR - 21,17/01/2024,Bags,28.5519218,77.0585605
BOTTLE,STEEL BOTTLE,DWARKA SECTOR - 21,17/01/2024,Household Items,28.5519218,77.0585605
ELECTRIC KETTLE,ELECTRIC KETTLE,DWARKA SECTOR - 21,17/01/2024,Miscellaneous,28.5519218,77.0585605
BAG,"BLACK BAG WITH CLOTHS, PAN CARD OF BANTI KUMAR",DWARKA SECTOR - 21,17/01/2024,Bags,28.5519218,77.0585605
BOTTLE,STEEL BOTTLE,RITHALA,17/01/2024,Household Items,28.7208064,77.1071813
HAND BAG,WITH BLANKET,RITHALA,17/01/2024,Bags,28.7208064,77.1071813
TROLLEY BAG,"ONE STEEL MILTON BOTTLE, USED CLOTHES",AIRPORT (T-3),17/01/2024,Bags,60.3187687,24.9681249
BOTTLE,BLUE COLOUR,AIRPORT (T-3),17/01/2024,Household Items,60.3187687,24.9681249
JUTE BAG,WITH 4 GLASS BOX,IFFCO CHOWK,17/01/2024,Bags,28.4723277,77.0724222
BOTTLE,BLACK BOTTLE,SIKANDERPUR,17/01/2024,Household Items,28.4812716,77.0930017
EARBUD,WHITE SINGLE EARBUD WITH CASE,SIKANDERPUR,17/01/2024,Electronics,28.4812716,77.0930017
BAG,"BLACK GREEN BAG WITH FACE WAX POWDER ,BATA SHOES ,CHARGER",DWARKA SECTOR - 21,17/01/2024,Bags,28.5519218,77.0585605
PURSE,"WITH PAN CARD ,AADHAR CARD,BANK CARDS,METRO CARD ,CASH OF AAKASH SAINI",CENTRAL SECRETARIAT,17/01/2024,Personal Accessories,28.6158726,77.2123897
METRO CARD,METRO CARD,TIKRI BORDER,17/01/2024,Documents,28.6880254,76.9640828
BAG,BLACK BAG WITH POCKET DIARY,WELCOME,17/01/2024,Bags,35.90913685,-80.25407274
LUNCH BAG,"PINK LUNCH BAG WITH 5 BOXES,CHARGER",JANAKPURI WEST,17/01/2024,Bags,28.6295839,77.078085
EARBUDS,WHITE EARBUDS WITH BLACK COVER,GOLF COURSE,17/01/2024,Electronics,28.5673755,77.3463247
CLOTH ROLL,CLOTH ROLL,CHANDNI CHOWK,17/01/2024,Clothing,28.6559834,77.2321937
WATCH,WRIST WATCH,SAMAYPUR BADLI,17/01/2024,Personal Accessories,28.7446411,77.1382701
HAND BAG,"WITH UNSTITCHED CLOTH,SHAWL,JACKET",GURU DRONACHARYA,17/01/2024,Bags,28.48200425,77.10221882
BLACK HAND BAG,"WITH COSMETICS ,METRO CARD ,VIVO MOBILE",GOVIND PURI,16/01/2024,Bags,28.5445521,77.2642761
SLING BAG,"TOOTHBRUSH , TONGUE CLEANER , LIP BALM , HAIR CLIP",NEW DELHI (Yellow & Airport Line),16/01/2024,Bags,28.6436415,77.2217373
BLANKET,OLD BLANKET,SAMAYPUR BADLI,16/01/2024,Clothing,28.7446411,77.1382701
SLEEPING BAG,SLEEPING BAG,YASHOBHOOMI DWARKA SECTOR  - 25,16/01/2024,Bags,28.5508323,77.0453073
MOBILE,ITEL BASIC MOBILE,SAKET,16/01/2024,Electronics,28.521168,77.2022237
PTRON EARBUD CASE,NOISE SINGLE EARBUD WITH CASE,PANCHSHEEL PARK,16/01/2024,Electronics,28.5423747,77.2210916
EARBUDS CASE,APPLE EARBUD CASE,UTTAM NAGAR EAST,16/01/2024,Electronics,28.6248465,77.0652861
CAMERA STAND & TOY GUN,CAMERA STAND & TOY GUN,DWARKA MOR,16/01/2024,Electronics,28.61931,77.0332792
POLY BAG,"WITH SWEATER,STEEL BOTTLE, SOCKS",CHANDNI CHOWK,16/01/2024,Bags,28.6559834,77.2321937
BAG,SLEEPING,AIRPORT (T-3),16/01/2024,Bags,60.3187687,24.9681249
BOTTLE,THERMOSTEEL MILTON,AIRPORT (T-3),16/01/2024,Household Items,60.3187687,24.9681249
BOTTLE,STEEL,AIRPORT (T-3),16/01/2024,Household Items,60.3187687,24.9681249
EARBUDS,BLACK COLOUR WITH CASE,AIRPORT (T-3),16/01/2024,Electronics,60.3187687,24.9681249
BOTTLE,WATER BOTTLE,AIRPORT (T-3),16/01/2024,Household Items,60.3187687,24.9681249
POLY BAG,WITH GREY HOODIE,MAJLIS PARK,16/01/2024,Bags,28.7244312,77.181964
POLY BAG,WITH 2 SWEATER,LAJPAT NAGAR,16/01/2024,Bags,28.5660924,77.2432851
WALLET,"BLACK WALLET WITH BANK CARDS ,AADHAR, DL , VOTER CARD & PAN CARD OF MANIKANDAN",VINOBAPURI,16/01/2024,Personal Accessories,28.565871,77.2492973
BAG,"BLUE BAG WITH CHARGER,CLOTHS",SHAHEED STHAL ( NEW BUS ADDA),15/01/2024,Bags,28.6702652,77.41630459
HAND BAG,WITH LADIES WATCH,SHAHEED STHAL ( NEW BUS ADDA),15/01/2024,Bags,28.6702652,77.41630459
CARRY BAG,SUNGLASSES WITH COVER,NEW DELHI (Yellow & Airport Line),15/01/2024,Bags,28.6436415,77.2217373
LUNCH BAG,02 LUNCH BOX TIFFIN,NEW DELHI (Yellow & Airport Line),15/01/2024,Bags,28.6436415,77.2217373
CARRY BAG,PLASTIC BOXES & HANGERS,NEW DELHI (Yellow & Airport Line),15/01/2024,Bags,28.6436415,77.2217373
NAME PLATE,INDIAN RAILWAY MAME PLATE OF KRISHNA KUMARI,KASHMERE GATE,15/01/2024,Miscellaneous,28.6668141,77.22905486
BAG,"BLACK BAG WITH BLANKET,BEDSHEET ,CHARGER",NEW DELHI (Yellow & Airport Line),15/01/2024,Bags,28.6436415,77.2217373
PURSE,"WITH PAN CARD.AADHAR,DL ,CASH ,BANK CARD OF SANAA NAJAM",VISHWAVIDYALAYA,15/01/2024,Personal Accessories,26.496489,80.267272
BAG,"WITH DRY FRUITS, PENS,REGISTERS,BISCUITS ,WISPER,CLOTHS",GURU TEG BAHADUR NAGAR,15/01/2024,Bags,31.3037081,75.5678851
BAG,"BLACK BAG WITH CLOTHS,TIFFINS PLASTIC",DWARKA SECTOR - 13,15/01/2024,Bags,28.597009,77.0335407
POLY BAG,"WITH SANDALS,LADY SUIT ,SILVER COLOR CHAIN",CHANDNI CHOWK,15/01/2024,Bags,28.6559834,77.2321937
SPECTACLE,SPECTACLE,JOHRI ENCLAVE,15/01/2024,Miscellaneous,28.7128806,77.2901293
CARD HOLDER,"WITH CSD CARD,SBI CARD OF HARDESH KUMAR",DELHI CANTT.,15/01/2024,Documents,28.6117094,77.1156635
PHOTO FRAME,BLACK PHOTO FRAME,RAJIV CHOWK,15/01/2024,Miscellaneous,28.6327786,77.2196985
SHOE,BLACK SHOE,SAMAYPUR BADLI,15/01/2024,Clothing,28.7446411,77.1382701
POLY BAG,WITH 2 SWEATER,CHAWRI BAZAR,15/01/2024,Bags,28.65018033,77.2294614
LUNCH BOX,MILTON LUNCH BOX BLUE,MILLENNIUM CITY CENTRE GURUGRAM,15/01/2024,Household Items,28.4593429,77.0726571
EMPTY HAND BAG,EMPTY HAND BAG,RAJENDRA PLACE,15/01/2024,Bags,28.6424955,77.1782756
CARRY BAG,"WITH NECK REST,MUG,SUNGLASS",AIRPORT (T-3),15/01/2024,Bags,60.3187687,24.9681249
BAG,"BLUE BAG WITH BIRTH CERTIFICATE ,AADHAR,SWEATER,RED SHOES OF SHANDHAN SUSHANTA SINGH",KAROL BAGH,15/01/2024,Bags,28.6529982,77.1890227
POLY BAG,"WITH SUIT,SAREE,STEEL BOTTLE",SECTOR - 34 NOIDA,15/01/2024,Bags,28.58372415,77.36046749
EARBUD,OPPO EARBUDS,DILLI HAAT - INA,15/01/2024,Electronics,28.5741591,77.2093306
PURSE,"WITH CASH, BOB CHEQUE BOOK,BANK CARD ,METRO CARD OF HARPREET SINGH",KARKARDUMA,14/01/2024,Personal Accessories,28.6483176,77.3055178
BOTTLE,STEEL BOTTLE,NEW DELHI (Yellow & Airport Line),14/01/2024,Household Items,28.6436415,77.2217373
BAG,WHITE BAG WITH OLD CLOTHS,SAMAYPUR BADLI,14/01/2024,Bags,28.7446411,77.1382701
BOTTLE,STEEL BOTTLE,RITHALA,14/01/2024,Household Items,28.7208064,77.1071813
HAND BAG,"WITH GLASS SET,SLICER,SOAP DISPENSER",DWARKA SECTOR - 21,14/01/2024,Bags,28.5519218,77.0585605
MOBILE,REALME MOBILE WITH DATA  CABLE,OKHLA BIRD SANCTUARY,14/01/2024,Electronics,28.5569866,77.3090031
BLACK BAG,SHOES & LADIES DRESS,SHASTRI PARK,14/01/2024,Bags,28.6684339,77.2505301
BAG,"BLUE BAG WITH WATCH,BLACK CHARGER CABLE,KEY",AIRPORT (T-3),14/01/2024,Bags,60.3187687,24.9681249
BAG,"WITH BAG ,MI POWER BANK ,CHARGER ,STEEL BOTTLE ,TROUSER",AIRPORT (T-3),14/01/2024,Bags,60.3187687,24.9681249
POLY BAG,"WITH SHOES,BLUE JACKET,PANT",SAROJINI NAGAR,14/01/2024,Bags,28.575817,77.1980786
POLY BAG,"WITH LOWER,JACKET,T SHIRT",SAROJINI NAGAR,14/01/2024,Bags,28.575817,77.1980786
UMBRELLA,BLACK UMBRELLA,JANPATH,14/01/2024,Personal Accessories,28.6240485,77.2192587
BAG,"BLACK BAG WITH BOOK ,ADOPTER, SPECTACLES,MEDICINES OF MANGERA KAUSHIK",DWARKA MOR,14/01/2024,Bags,28.61931,77.0332792
METRO CARD,METRO CARD,NEW DELHI (Yellow & Airport Line),13/01/2024,Documents,28.6436415,77.2217373
CHAIN,CHAIN,KASHMERE GATE,13/01/2024,Personal Accessories,28.6668141,77.22905486
BAG,"PURPLE COLOR BAG WITH BLANKET ,,LOCKET,SAREE, BLOUSE,PETICOT ,CHARGER,CLOTHS,COSMETICS",GURU TEG BAHADUR NAGAR,13/01/2024,Bags,31.3037081,75.5678851
BAG,"WITH CLOTHS,PURSE,CASH ,METRO CARD,AADHAR,VOTER ID OF SHIVAM & KULDIP",RITHALA,13/01/2024,Bags,28.7208064,77.1071813
PURSE,WITH BANK CARD AADHAR PAN CARD OF MANJEET KUMAR,SEELAMPUR,13/01/2024,Personal Accessories,28.6698165,77.2668137
POLY BAG,"WITH TABLE CLOTH,SUIT CLOTH,STEEL TIFFIN",SEELAMPUR,13/01/2024,Bags,28.6698165,77.2668137
COAT COVER,"WITH COAT ,TIE ,JACKET",SECTOR - 62 NOIDA,13/01/2024,Clothing,28.6211447,77.3643493
BAG,"BLACK BAG WITH LAPTOP CHARGER,MOBILE CHARGER,BLANKET ,BOOK",SECTOR - 59 NOIDA,13/01/2024,Bags,28.6080248,77.36762827
POLY BAG,"WITH T SHIRT,SWEATER,SHAWL,SHOES,SHIRT,SHAWL",CHANDNI CHOWK,13/01/2024,Bags,28.6559834,77.2321937
HELMET,BLACK HELMET,MILLENNIUM CITY CENTRE GURUGRAM,13/01/2024,Household Items,28.4593429,77.0726571
POLY BAG,"WITH RED CHUNNI,BANGLES SET",MILLENNIUM CITY CENTRE GURUGRAM,13/01/2024,Bags,28.4593429,77.0726571
LUNCH BOX,BIG LUNCH BOX WITH 2 STEEL BOX,SAMAYPUR BADLI,13/01/2024,Household Items,28.7446411,77.1382701
POLY BAG,"KIDS CLOTHS,BELT,BANGLES",LAL QUILA,13/01/2024,Bags,28.657483,77.2366607
POLY BAG,"WITH WIRE CUTTER,PLIER,STAPLER PINS ,VGA IN",AIRPORT (T-3),13/01/2024,Bags,60.3187687,24.9681249
POLYBAG,"GLASS BANGLES , WARM CAP & CHUNNI",JAMA MASJID,12/01/2024,Bags,28.6506822,77.23296096
BAG,I- CARD BANK CARD LUNCH BOX CHARGER DOCUMENT PHOTOCOPIES OF AMIT KUMAR DIXIT,GURU TEG BAHADUR NAGAR,12/01/2024,Bags,31.3037081,75.5678851
POLYBAG,COAT PANT SET,NEW DELHI (Yellow & Airport Line),12/01/2024,Bags,28.6436415,77.2217373
KIDS CLOTH,WOOLEN KIDS CLOTH,NARAINA VIHAR,12/01/2024,Clothing,28.6243852,77.1364438
POLY BAG,WITH CHILDERS CLOTHS,SEELAMPUR,12/01/2024,Bags,28.6698165,77.2668137
BOTTLE,STEEL BOTTLE,GURU DRONACHARYA,12/01/2024,Household Items,28.48200425,77.10221882
LUNCH BOX,OLIVEWARE LUNCH BOX,DWARKA SECTOR - 21,12/01/2024,Household Items,28.5519218,77.0585605
WATCH,SMART WATCH,PUNJABI BAGH,12/01/2024,Personal Accessories,28.672995,77.1461239
MOBILE,I PHONE,SECTOR - 62 NOIDA,12/01/2024,Electronics,28.6211447,77.3643493
POLY BAG,WITH JACKETS,DWARKA SECTOR - 11,12/01/2024,Bags,28.586443,77.0494433
POLY BAG,"WITH SWEATER,MULTIMETER,SAREE,SLIPPERS ,TOY,BOTTLE",CHANDNI CHOWK,12/01/2024,Bags,28.6559834,77.2321937
CARRY BAG,"HELMET ,2 PAIR SHOE",SAKET,12/01/2024,Bags,28.521168,77.2022237
AADHAR CARD,OF AKSHIT SINGH JAGDEV,MILLENNIUM CITY CENTRE GURUGRAM,12/01/2024,Documents,28.4593429,77.0726571
CARRY BAG,"WITH BOTTLE ,LADIES CLOTHS",MILLENNIUM CITY CENTRE GURUGRAM,12/01/2024,Bags,28.4593429,77.0726571
PURSE,"WITH PAN CARD ,AADHAR CARD, DL,CSD CARD,CASH OF SUNARAM SOREN",BRIG. HOSHIAR SINGH,12/01/2024,Personal Accessories,28.6974603,76.9192027
POLY BAG,"WITH BLUE JACKET,SOCKS",SHIVAJI PARK,12/01/2024,Bags,19.02727875,72.83839775
BOTTLE,STEEL BOTTLE,SHIVAJI STADIUM,12/01/2024,Household Items,28.6288963,77.2113218
LUNCH BAG,WITH CASH TIFFINS,KHAN MARKET,12/01/2024,Bags,28.5995141,77.2259785
PURSE,"WITH BANK CARD PAN, CARD,AADHAR OF MOHIT",RAJOURI GARDEN,12/01/2024,Personal Accessories,28.6490563,77.1227198
HAND BAG,"WITH CASH ,CHARGER,PURSE,BANK OF MAHARASHTRA CARD",TIS HAZARI,11/01/2024,Bags,28.6671626,77.2166306
BLACK BAG,"WITH CLOTHS,GLOVES,PASSBOOK ,CHARGER,BELT OF PUSHPRAJ KUSHWAHA",DWARKA SECTOR - 21,11/01/2024,Bags,28.5519218,77.0585605
LUNCH BAG,"WITH BOTTLE,TIFFIN",DWARKA SECTOR - 21,11/01/2024,Bags,28.5519218,77.0585605
BOTTLE,BLACK BOTTLE,DWARKA SECTOR - 21,11/01/2024,Household Items,28.5519218,77.0585605
BOTTLE,GLASS BOTTLE,DWARKA SECTOR - 21,11/01/2024,Household Items,28.5519218,77.0585605
PAPER BAG,"WITH CALENDAR ,CHARGER ,TOOTH BRUSH",SAMAYPUR BADLI,11/01/2024,Bags,28.7446411,77.1382701
PURSE,"WITH CASH ,AADHAR,PAN CARD ,SBI CARD,METRO CARD OF KAJAL KHOSLA",VIDHAN SABHA,11/01/2024,Personal Accessories,26.843382,80.9440184
MOBILE,OPPO MOBILE,PASCHIM VIHAR EAST,11/01/2024,Electronics,28.6773563,77.1122823
LUNCH BOX,SOLIMO TIFFIN BOX,JAMIA MILLIA ISLAMIA,11/01/2024,Household Items,28.55849025,77.28116474
HAND BAG,WITH ARTIFICIAL DENTURE UTENSILS,SAMAYPUR BADLI,11/01/2024,Bags,28.7446411,77.1382701
POLY BAG,BLACK POLY BAG WITH LATKANS,RAMAKRISHNA ASHRAM MARG,11/01/2024,Bags,28.6392436,77.2085787
BOTTLE,STEEL BOTTLE,RITHALA,11/01/2024,Household Items,28.7208064,77.1071813
POLY BAG,WITH BLUE SWEATER,RAJIV CHOWK,11/01/2024,Bags,28.6327786,77.2196985
PURSE,"WITH CASH ,SBI CARD OF JATIN YADAV",DHANSA BUS STAND,11/01/2024,Personal Accessories,28.6119086,76.9785264
PURSE,"WITH BANK CARDS AADHAR, CASH OF DAMINI CHAHAR",SECTOR - 61 NOIDA,10/01/2024,Personal Accessories,28.59645805,77.36756438
PURSE,PURSE WITH DOCUMENTS OF AMAN,NIRMAN VIHAR,10/01/2024,Personal Accessories,28.6364592,77.2868145
BAG,GREEN BLACK BAG WITH CLOTHES BOTTLE SHOES,RAJA NAHAR SINGH (BALLABHGARH),10/01/2024,Bags,28.340002,77.3164509
BAG,"BLACK BAG WITH KEY , CLOTHES , EARBUD & BAG COVER",NEW DELHI (Yellow & Airport Line),10/01/2024,Bags,28.6436415,77.2217373
BIKE KEY,ROYAL ENFIELD BIKE KEY,NEW DELHI (Yellow & Airport Line),10/01/2024,Household Items,28.6436415,77.2217373
LUNCH BOX,GREY LUNCH BOX,NEW DELHI (Yellow & Airport Line),10/01/2024,Household Items,28.6436415,77.2217373
MUG,STEEL VACCUM MUG,RITHALA,10/01/2024,Miscellaneous,28.7208064,77.1071813
IRON FRAME,IRON FRAME,RITHALA,10/01/2024,Miscellaneous,28.7208064,77.1071813
POLY BAG,WITH WOOLEN LADY DRESS,SAMAYPUR BADLI,10/01/2024,Bags,28.7446411,77.1382701
